Метки Образцов;Масса навески (g);sample_mass;Разбавление;Valiq, ml;Al 308.215;Al 394.401;Al 396.152;Ca 315.887;Ca 317.933;Cd 214.439;Cd 228.802;Co 230.786;Co 231.160;Co 258.033;Cu 324.754;Cu 327.395;Fe 234.350;Fe 258.588;Mg 279.800;Mg 285.213;Mn 257.610;Mn 260.568;Mn 293.931;Mn 294.921;Ni 216.555;Ni 221.648;Ni 227.021;Ni 230.299;Ni 231.604;Pb 220.353;Pb 283.305;S 178.165;S 180.669;S 181.972;S 182.562;Sc 335.372;Sc 357.634;Sc 361.383;Si 250.690;Si 251.611;Si 252.411;Si 288.158;Zn 202.548;Zn 206.200;Zn 213.857;Zn 472.215
T2-6B1;100.5;;;;19.36;19.65;19.4;35.72;35.7;0.0082;0.047;0.0517;0.0604;0.0696;0.81;0.8218;812;834.6;10.74;10.94;0.3708;0.3777;0.3787;0.3787;1.315;1.265;1.223;1.258;1.261;0.0639;1.637;130.0666667;143.4;125.1;121.7;0.9619;0.9575;0.9618;14.22;14.57;14.8;14.78;0.073;0.0591;0.06605;0.06605
T2-6B2;94.5;;;;20.02;20.32;20.08;37.7;37.56;0.008;0.0462;0.0548;0.0676;0.0728;0.8223;0.8334;866.5;863;10.99;11.16;0.4008;0.4091;0.4095;0.4095;1.37;1.319;1.276;1.3;1.313;0.0696;1.676;136.0666667;150.9;130.6;126.7;0.8958;0.8889;0.8901;10.88;11.17;11.34;11.24;0.0607;0.046;0.05335;0.05335
T2-L6B1;100.6;;;;9.943;10.01;10.12;56.5;56.15;0.0027;0.0106;0.0404;0.0388;0.0405;0.3959;0.3904;190.2;193.4;7.294;7.256;0.282;0.2859;0.2869;0.2869;0.8748;0.8684;0.8424;0.8669;0.8662;0.0455;0.3958;402.0333333;432.7;389.4;384;0.9809;0.9834;0.9947;10.7;11.01;11.14;11.14;0.0372;0.0331;0.03515;0.03515
T2-L6B2;142.8;;;;7.079;6.724;7.015;45.4;44.87;0.0014;0.0069;0.0347;0.0352;0.0318;0.2885;0.2877;133.7;145;5.204;4.516;0.2065;0.2142;0.212;0.212;0.7368;0.7612;0.7021;0.7593;0.7634;0.0515;0.258;345.3666667;371.3;338.2;326.6;1.247;1.17;1.179;2.755;2.83;2.844;2.782;0.0394;0.0423;0.04085;0.04085
T2-F6B1;108.7;;;;9.101;8.966;9.074;373.1;381.2;0.0038;0.0156;0.0183;0.0203;0.0209;0.0477;0.0591;311.5;303.5;3.989;3.369;0.1411;0.1425;0.1444;0.1444;0.2963;0.2925;0.2665;0.2801;0.2685;0.0472;0.6029;473.4333333;516.4;458.6;445.3;0.8385;0.7974;0.8089;9.847;10.15;10.32;10.2;0.0513;0.0595;0.0554;0.0554
T2-F6B2;108.3;;;;7.469;7.449;7.545;318.1;323.5;0.0024;0.0127;0.0171;0.0177;0.0172;0.0492;0.0576;226.3;220.7;3.165;3.086;0.1211;0.1217;0.1237;0.1237;0.1893;0.1741;0.1678;0.1785;0.1714;0.0247;0.4519;346.9666667;382.9;332.5;325.5;0.9762;0.9647;0.9698;6.63;6.774;6.856;6.755;0.0283;0.0266;0.02745;0.02745
T2-P6B1;108.3;;;;7.337;7.381;7.469;315.5;320.1;0.0028;0.0141;0.034;0.0338;0.0347;0.2384;0.2432;237.4;244.2;4.774;4.886;0.1627;0.1651;0.1659;0.1659;0.9365;0.9292;0.8989;0.9255;0.9202;0.0205;0.4903;389.5666667;429.3;373.5;365.9;0.9516;0.9494;0.9534;10.77;11.07;11.2;11.17;0.0383;0.0349;0.0366;0.0366
T2-P6B2;102.5;;;;6.778;6.889;6.895;268.4;253.4;0.0034;0.0133;0.0354;0.038;0.0349;0.2245;0.2284;227;229.7;4.712;4.784;0.1577;0.1602;0.1607;0.1607;1.013;1.004;0.9717;0.9866;0.9926;0.0184;0.4658;350.5;388.3;335.3;327.9;0.9839;0.979;0.9828;7.733;7.94;7.985;7.925;0.0439;0.0406;0.04225;0.04225
T2-N6B1;104.1;;;;5.146;5.196;5.212;347.5;353.9;0.0023;0.0118;0.0158;0.0166;0.017;0.0304;0.0385;218.3;223;5.441;5.608;0.1707;0.1726;0.1726;0.1726;0.2067;0.1925;0.1826;0.1983;0.1885;0.0121;0.4251;310.3;348.7;294.9;287.3;0.9583;0.9579;0.9613;9.142;9.42;9.481;9.434;0.0277;0.026;0.02685;0.02685
T2-N6B2;95.5;;;;4.851;4.888;4.908;348;353.9;0.003;0.0127;0.0208;0.018;0.0181;0.0276;0.0364;230.6;234.7;4.56;4.701;0.1673;0.1693;0.1695;0.1695;0.1907;0.176;0.168;0.1847;0.1736;0.0155;0.4487;318.6333333;359.7;303.1;293.1;0.8806;0.8893;0.8887;9.59;9.859;9.923;9.904;0.0367;0.0352;0.03595;0.03595
T2-F6D22;102;22.488;;;8.537;8.408;8.535;347.3;354.6;0.0036;0.0112;0.0936;0.0963;0.0895;0.8286;0.8151;218.8;220.4;2.411;2.018;0.1055;0.1061;0.1084;0.1084;4.26;4.315;4.125;4.168;4.209;0.0308;0.397;472.9666667;523.1;455.5;440.3;0.9295;0.9181;0.9257;11.18;11.5;11.56;11.52;0.0867;0.0827;0.0847;0.0847
T2-F6D12;97.3;37.742;;;4.713;4.579;4.654;248.7;234.5;0.0023;0.0078;0.055;0.0551;0.0529;0.5355;0.5268;148.2;144;1.763;1.458;0.0819;0.0817;0.0815;0.0815;1.995;1.927;1.93;1.934;1.941;0.0196;0.2661;308.1;348.2;291.5;284.6;0.9788;0.9481;0.9534;7.348;7.473;7.537;7.346;0.0485;0.0472;0.04785;0.04785
T2-F6D11;101.6;35.63;;;4.372;4.205;4.291;227.9;205.9;0.0015;0.0079;0.0285;0.0299;0.0288;0.1659;0.1662;150.1;131;2.171;1.706;0.0684;0.0681;0.0775;0.0775;0.7504;0.7254;0.7286;0.6773;0.6725;0.0396;0.2599;286.3333333;328.5;260.2;270.3;0.9326;0.9594;0.9732;6.102;6.195;6.353;6.095;0.0394;0.0444;0.0419;0.0419
T2-F6D21;95.8;13.472;;;7.855;7.708;7.829;312.5;302.4;0.0029;0.0114;0.0795;0.0809;0.0751;0.5358;0.5341;214.9;215.5;2.634;2.202;0.1065;0.1063;0.1101;0.1101;2.278;2.283;2.2;2.23;2.225;0.0321;0.4035;404.8666667;453.1;389.5;372;0.9412;0.9173;0.9295;8.327;8.546;8.623;8.562;0.0682;0.0691;0.06865;0.06865
T2-N6A1;;;10;;0.0777;0.0897;0.0847;62.79;62.67;0.0002;0.0005;0.0008;0;0.0008;0.0025;0.0032;6.513;6.589;6.928;6.783;0.0082;0.008;0.0082;0.0082;0.0056;0.0051;0.0043;0.0045;0.0047;0;0.0074;79.71;92.19;74.84;72.1;1.042;1.031;1.038;0.1283;0.1324;0.1325;0.1272;0.0085;0.0091;0.0088;0.0088
T2-N6A2;;;10;;0.0466;0.0595;0.0504;54.79;54.66;0.0003;0.0012;0.0021;0.0002;0.0011;0.0006;0.0023;20.27;20.41;59.05;55.2;0.6639;0.6837;0.6695;0.6695;0.0044;0.0027;0.0024;0.0009;0.0025;0;0.0387;167.7666667;191.8;159.1;152.4;1.019;1.005;1.013;0.3395;0.3438;0.3515;0.3401;0.0073;0.0082;0.00775;0.00775
T2-6A1;;;10;;32.82;33.38;32.85;49.05;48.96;0.0134;0.0697;1.686;1.684;1.666;0.0112;0.0448;1345;1291;119.4;104;5.576;5.665;5.667;5.667;47.27;47.84;46.58;46.69;47.18;0.0491;2.276;1011.966667;1066;983.7;986.2;0.9399;0.9332;0.939;7.343;7.504;7.756;7.443;0.9118;0.9282;0.92;0.92
T2-6A2;;;10;;32.93;33.47;32.96;49.01;48.99;0.0135;0.0694;1.687;1.682;1.663;0.0088;0.0412;1337;1292;120.2;103.7;5.603;5.669;5.677;5.677;47.29;47.43;46.62;46.82;47.23;0.0474;2.28;1011.466667;1066;982.7;985.7;0.9437;0.9364;0.9422;7.332;7.469;7.81;7.42;0.9117;0.9268;0.91925;0.91925
T2-P6A1;;;10;;1.558;1.84;1.63;59.7;59.64;0.0352;0.2251;0.3313;0.3762;0.4675;0;0.0249;2995;2795;126.3;113.8;4.214;4.302;4.298;4.298;1.338;1.016;0.9808;0.9672;1.002;0.1353;7.136;2050.666667;1904;1994;2254;0.9228;0.9173;0.9244;7.585;7.659;9.021;7.576;0.3363;0.3101;0.3232;0.3232
T2-P6A2;;;10;;0.4606;0.8538;0.5211;62.9;62.89;0.0556;0.3452;0.3913;0.4404;0.6052;0;0.0114;3724;3137;129;119.7;4.558;4.677;4.639;4.639;1.174;0.6797;0.6563;0.6383;0.6643;0.1976;10.77;2633.333333;2239;2542;3119;0.8775;0.8701;0.8796;7.379;7.388;9.525;7.229;0.4084;0.3584;0.3834;0.3834
T2-L6A1;;;10;;255.9;262.9;240.6;66.43;66.59;0.1126;0.7963;1.303;1.333;1.794;9.348;9.704;4015;3720;170;163.3;7.45;7.499;7.519;7.519;38.35;37.72;36.82;36.82;37.44;0.57;21.46;6258.333333;3390;4835;10550;0.7501;0.7618;0.7619;7.706;7.234;12.3;7.173;1.058;0.8728;0.9654;0.9654
T2-L6A2;;;10;;226.2;232.1;212.7;82.49;82.7;0.099;0.6636;1.324;1.364;1.745;8.158;8.388;3966;3674;161.9;155.3;7.162;7.232;7.216;7.216;38.74;38.33;37.27;37.4;38.27;0.4773;19.34;5875.333333;3295;4641;9690;0.7668;0.7789;0.7801;10.25;10.05;13.81;9.901;1.025;0.8711;0.94805;0.94805
T2-F6A1;;;10;;2.142;2.321;2.218;56.27;56.1;0.0204;0.1294;0.1508;0.1877;0.2288;0;0.0019;2446;2371;80.04;76.1;2.61;2.678;2.656;2.656;1.625;1.444;1.387;1.386;1.428;0.0813;4.474;1427.666667;1458;1389;1436;0.9259;0.9288;0.9356;8.597;8.789;9.327;8.684;0.2204;0.2046;0.2125;0.2125
T2-F6A2;;;10;;0.1719;0.3811;0.2004;58.79;58.58;0.0279;0.1799;0.1808;0.2272;0.2964;0;0.0022;2869;2690;78.08;78.3;2.656;2.744;2.71;2.71;1.491;1.232;1.18;1.163;1.214;0.1163;5.919;1781.666667;1741;1731;1873;0.9205;0.9217;0.9287;4.383;4.376;5.235;4.28;0.2376;0.2106;0.2241;0.2241
T2-F6Z2;;;10;;0.109;0.2905;0.1326;46.42;46.1;0.0238;0.1513;0.157;0.1989;0.2533;0;0.0061;2652;2503;64.99;65.33;2.215;2.284;2.256;2.256;1.614;1.41;1.342;1.328;1.38;0.0999;5.035;1576.666667;1580;1534;1616;0.941;0.9421;0.95;1.061;0.8235;1.634;0.8231;0.1633;0.1353;0.1493;0.1493
T2-7A1;;;10;;34.88;35.96;35.25;47.81;47.35;0.0128;0.0656;1.695;1.695;1.674;0.006;0.0366;1340;1290;122.6;105.1;5.603;5.706;5.663;5.663;47.71;48.17;46.85;46.93;47.72;0.0466;2.24;1030.5;1098;998.7;994.8;0.9611;0.9624;0.9678;11.98;12.25;12.52;12.24;0.9153;0.9335;0.9244;0.9244
T2-7A2;;;10;;34.64;35.69;35.14;46.84;46.62;0.0126;0.065;1.685;1.683;1.663;0.0048;0.0345;1315;1278;121.7;104.5;5.55;5.654;5.614;5.614;47.48;47.82;46.49;46.71;47.56;0.0444;2.207;1026.3;1094;994.1;990.8;0.9745;0.9722;0.9777;11.06;11.32;11.61;11.28;0.911;0.9277;0.91935;0.91935
T2-P7A1;;;10;;1.79;2.156;1.885;60.63;60.26;0.044;0.2895;0.5887;0.6415;0.7678;0;0.0123;3518;3025;129.9;119.1;4.498;4.613;4.557;4.557;4.787;4.407;4.233;4.235;4.358;0.1767;9.031;2457;2169;2375;2827;0.8817;0.8831;0.8909;7.707;7.725;9.279;7.532;0.52;0.4825;0.50125;0.50125
T2-P7A2;;;10;;7.541;8.032;7.866;62.08;61.93;0.0464;0.3018;0.6336;0.6843;0.8271;0;0.0178;3442;3065;133.1;121.9;4.598;4.734;4.66;4.66;8.684;8.361;8.012;7.986;8.208;0.193;9.73;2544;2216;2453;2963;0.873;0.8795;0.8869;12.74;12.86;14.33;12.62;0.5656;0.5278;0.5467;0.5467
T2-F7Z1;;;10;;2.474;2.718;2.577;58.69;58.34;0.0276;0.1797;0.3575;0.3966;0.4574;0;0.0064;2818;2636;85.18;79.23;2.865;2.942;2.911;2.911;6.529;6.369;6.109;6.094;6.269;0.1149;5.965;1771.333333;1739;1720;1855;0.931;0.9299;0.9378;3.046;2.953;3.862;2.885;0.3471;0.3255;0.3363;0.3363
T2-F7Z2;;;10;;6.728;7.167;7.023;80.01;79.48;0.0342;0.2196;0.4627;0.5059;0.5953;0;0.0405;3199;2825;100.8;93.61;3.404;3.507;3.459;3.459;9.695;9.61;9.12;9.131;9.394;0.1418;7.249;2077;1961;2011;2259;0.9113;0.9081;0.9171;5.474;5.493;6.634;5.405;0.4805;0.4536;0.46705;0.46705
T2-L7A1;;;10;;246.4;255.6;233.6;81.26;81.3;0.1079;0.7192;1.296;1.324;1.766;8.701;8.979;3673;3565;166.1;157.3;7.351;7.45;7.43;7.43;38.41;37.97;36.77;36.7;37.73;0.5419;19.73;6080;3332;4678;10230;0.7822;0.7991;0.8006;7;6.574;10.22;6.5;1.039;0.869;0.954;0.954
T2-L7A2;;;10;;258.9;269.9;245.7;72;71.87;0.101;0.7309;1.282;1.298;1.793;9.252;9.552;3664;3583;170.6;161.4;7.461;7.597;7.554;7.554;38.04;37.8;36.33;36.18;37.49;0.5424;20.3;6032.333333;3320;4617;10160;0.782;0.7991;0.8021;7.605;7.15;10.95;6.989;1.048;0.8698;0.9589;0.9589
T2-N7A1;;;10;;0.0626;0.0722;0.0649;54.8;54.41;0.0003;0.0011;0.0018;0.0004;0.0025;0.0005;0.0021;17.55;17.6;62.45;58.07;0.4402;0.4573;0.4455;0.4455;0.0126;0.0117;0.0102;0.0103;0.0113;0;0.0367;176.3666667;205.5;165.8;157.8;1.01;1.009;1.014;0.3346;0.3394;0.3488;0.3326;0.0049;0.0057;0.0053;0.0053
T2-N7A2;;;10;;0.0471;0.0558;0.0489;48.47;48.28;0.0002;0.0008;0.0021;0.0003;0.0016;0.0035;0.0049;12.84;12.91;65.72;61.87;0.4254;0.4406;0.4274;0.4274;0.0198;0.0186;0.0175;0.0181;0.0184;0;0.0286;172.4;200.9;162;154.3;1.01;1.001;1.006;0.1815;0.1791;0.1953;0.1833;0.0147;0.016;0.01535;0.01535
T2-N7G1;;;10;;0.3818;0.3927;0.386;61.36;61.18;0.0007;0.0026;0.0054;0.0038;0.0041;0.0315;0.0339;44.11;44.56;54.98;52.44;0.3994;0.4125;0.4038;0.4038;0.0691;0.0658;0.0629;0.0631;0.0649;0.0012;0.0824;187.7333333;218.5;176.5;168.2;0.998;0.9962;1.001;0.5078;0.5184;0.5286;0.5073;0.0824;0.0857;0.08405;0.08405
T2-N7G2;;;10;;0.0557;0.0661;0.0581;43.37;43.21;0.0002;0.0009;0.0021;0.0005;0.0018;0.004;0.0057;15.58;15.59;55.35;52.18;0.4019;0.4144;0.4055;0.4055;0.0225;0.0204;0.0194;0.0201;0.021;0;0.0268;152.4333333;177.9;143;136.4;1.023;1.018;1.024;0.2477;0.2489;0.2564;0.2452;0.0216;0.0229;0.02225;0.02225
T2-F7A1;;;10;;6.744;7.234;7.067;66.57;66.4;0.0348;0.2303;0.4491;0.4985;0.595;0;0.0113;3443;2794;108.2;101;3.727;3.862;3.781;3.781;6.729;6.527;6.205;6.196;6.427;0.1484;7.157;2148;1994;2080;2370;0.9025;0.9059;0.9153;15.06;15.28;16.49;15.34;0.4584;0.4295;0.44395;0.44395
T2-F7A2;;;10;;11.61;12.21;12.12;64.29;64.04;0.0407;0.261;0.5405;0.5831;0.698;0;0.0107;3525;2942;115.1;108;4.017;4.138;4.076;4.076;10.34;10.18;9.702;9.756;10;0.1594;8.159;2330.666667;2112;2254;2626;0.8869;0.8912;0.8983;19.79;20.13;21.61;20.42;0.5146;0.4802;0.4974;0.4974
T2-L7A1;;;10;;241.4;251.7;228.8;78.92;79.76;0.1084;0.7471;1.276;1.29;1.734;8.547;8.806;3898;3446;162.7;153.6;7.182;7.242;7.265;7.265;37.78;36.85;36.26;36.28;36.85;0.5244;20.67;6060.333333;3352;4669;10160;0.7964;0.8079;0.8091;6.712;6.303;10.97;6.199;1.018;0.8477;0.93285;0.93285
T2-L7A2;;;10;;258.1;268.5;244.6;71.34;71.7;0.1091;0.7533;1.278;1.297;1.777;9.246;9.483;3781;3544;169.5;159.7;7.413;7.518;7.498;7.498;37.89;37.18;36.29;36.34;37.14;0.5389;21.37;6035.666667;3316;4631;10160;0.7913;0.8039;0.8055;7.486;7.041;11.64;6.957;1.04;0.8601;0.95005;0.95005
T2-N7E22;99.3;88.414;;;4.916;4.962;4.962;317.2;305.9;0.0026;0.0032;0.0216;0.0243;0.0229;0.045;0.0524;218.7;219.6;3.708;3.835;0.1638;0.1657;0.1631;0.1642;0.4863;0.4787;0.4648;0.4717;0.4719;0.0161;0.0113;263;263;264.8;261.2;0.9709;0.9657;0.9665;9.366;9.66;9.666;9.564;0.0553;0.0532;0.0683;0.058933333
T2-N7E11;100.3;76.136;;;4.815;4.871;4.871;332.1;323.7;0.0029;0.0028;0.0215;0.0237;0.0208;0.0273;0.0355;222.3;222.8;4.078;4.238;0.1666;0.1683;0.1662;0.167033333;0.3965;0.3869;0.3728;0.3803;0.381;0.0249;0.0075;276.2;276.2;278;274.4;0.9584;0.9528;0.9515;8.5;8.76;8.739;8.666333333;0.0489;0.0465;0.0621;0.0525
T2-N6E22;101.9;78.65;;;5.321;5.375;5.375;333.2;337.8;0.0032;0.002;0.0219;0.0204;0.0205;0.0295;0.0384;243.3;240.4;4.103;4.257;0.1706;0.1725;0.1703;0.171133333;0.1943;0.1779;0.1705;0.1864;0.1722;0.0177;0.0074;283.8;283.8;285.9;281.7;0.981;0.9673;0.9699;10.78;11.11;11.14;11.01;0.043;0.0403;0.0569;0.046733333
T2-N6E1;99.2;110.1522;;;4.982;5.043;5.043;350.9;361;0.0028;0.002;0.0171;0.0169;0.0168;0.0294;0.0378;224.9;225.2;5.504;5.789;0.1707;0.1729;0.1701;0.171233333;0.2022;0.1878;0.18;0.1895;0.184;0.0242;0.0155;289.3;289.3;291.4;287.2;0.9764;0.967;0.97;8.475;8.737;8.71;8.640666667;0.0652;0.0637;0.0778;0.0689
T2-F7D1;99.4;17.6552;;;8.207;8.299;8.299;290.8;278;0.0034;0.0049;0.0859;0.0861;0.0833;1.828;1.792;194.9;194.5;2.828;2.893;0.1037;0.1059;0.1042;0.1046;3.689;3.767;3.637;3.611;3.721;0.0221;0.0166;447.1;447.1;451.9;442.3;0.9875;0.978;0.9801;11.31;11.66;11.69;11.55333333;0.0545;0.0376;0.0692;0.053766667
T2-F7D2;97;13.9171;;;8.075;8.171;8.171;252.5;240.9;0.0046;0.0015;0.0773;0.0757;0.0757;2.102;2.058;195.1;194.5;3;3.057;0.0936;0.0956;0.0938;0.094333333;2.981;3.044;2.936;2.889;3.009;0.0212;0.0077;459.6;459.6;464.2;455;1.006;0.997;0.999;3.472;3.576;3.523;3.523666667;0.1034;0.0854;0.1109;0.0999
T2-N6E21;103.7;35.7984;;;5.396;5.443;5.443;346.4;356.8;0.0029;0.0044;0.0207;0.0217;0.022;0.032;0.0413;249.1;247.3;3.843;3.96;0.1708;0.1742;0.1709;0.171966667;0.2144;0.1963;0.1912;0.1883;0.1941;0.0262;0.0111;302.5;302.5;305.5;299.5;0.9905;0.9829;0.9846;3.546;3.649;3.595;3.596666667;0.0667;0.0643;0.0802;0.0704
T2-8A1;;;10;;33.11;32.13;32.13;45.78;45.38;0.0124;0.0008;1.617;1.619;1.623;0.0442;0.0818;1195;1191;114.2;96.22;5.325;5.45;5.41;5.395;45.63;46.17;45.23;44.55;45.83;0.0481;0.0914;910.55;910.55;917.5;903.6;1.014;1.006;1.008;7.845;8.034;7.952;7.943666667;0.9082;0.9136;1.172;0.997933333
T2-8A2;;;10;;33.89;32.82;32.82;46.29;45.84;0.0125;0.0016;1.641;1.642;1.65;0.0318;0.0693;1222;1210;115.8;96.64;5.406;5.542;5.495;5.481;46.3;46.85;45.92;45.18;46.44;0.0481;0.0978;925.9;925.9;933.6;918.2;1.022;1.007;1.01;9.004;9.22;9.172;9.132;0.9231;0.9287;1.191;1.014266667
T2-L8A1;;;10;;264.2;234.4;234.4;57.55;57.55;0.1083;0.0045;1.203;1.232;1.771;9.37;9.682;3221;3568;163.2;149.5;7.38;7.532;7.539;7.483666667;36.11;35.67;34.77;34.12;35.5;0.6123;0.6736;6851.5;6851.5;4435;9268;0.8189;0.7997;0.8133;6.147;5.701;5.655;5.834333333;1.068;0.8472;2.074;1.329733333
T2-L8A2;;;10;;288;254.2;254.2;64.85;65.09;0.1125;0.0049;1.283;1.303;1.902;10.13;10.55;3394;3515;176.4;157.9;8.08;8.276;8.206;8.187333333;38.37;37.9;36.96;36.17;37.76;0.6246;0.6924;6884.5;6884.5;4420;9349;0.8106;0.792;0.8068;6.541;6.043;6.016;6.2;1.137;0.905;2.218;1.42
T2-P8A1;;;10;;15.88;15.4;15.4;69.94;69.19;0.046;0.0017;0.6079;0.6566;0.831;0.0087;0.0205;3342;2960;134;117.7;4.785;4.976;4.876;4.879;10.31;10.18;9.628;9.389;9.912;0.2042;0.2492;2503.5;2503.5;2322;2685;0.8974;0.899;0.9069;16.13;16.48;16.39;16.33333333;0.5768;0.5272;0.9685;0.690833333
T2-P8A2;;;10;;8.352;8.225;8.225;63.76;63.31;0.0411;0.001;0.5912;0.6474;0.79;0.0083;0.0112;2924;2936;137.4;119.7;4.887;5.079;4.988;4.984666667;9.284;9.124;8.725;8.471;8.894;0.1836;0.2412;2301.5;2301.5;2173;2430;0.8996;0.9028;0.9068;14.25;14.48;14.52;14.41666667;0.5805;0.5388;0.9261;0.6818
T2-F8A2;;;10;;13.25;13.12;13.12;62.26;61.51;0.0358;0.0014;0.5185;0.5592;0.6849;0.0067;0.0081;2894;2790;121.1;107.3;4.322;4.474;4.394;4.396666667;11.08;11.16;10.57;10.35;10.88;0.1568;0.1971;2066;2066;1977;2155;0.9277;0.9268;0.9366;21.18;21.61;21.91;21.56666667;0.5244;0.488;0.8347;0.6157
T2-F8A1;;;10;;18.77;18.14;18.14;61.73;62.47;0.05;0.002;0.5271;0.583;0.7185;0.0069;0.0073;2870;2908;119.3;108.1;4.417;4.516;4.5;4.477666667;10.94;10.75;10.51;10.35;10.56;0.1789;0.2364;2336.5;2336.5;2198;2475;0.9216;0.904;0.9074;23.78;24.26;25.09;24.37666667;0.5381;0.4903;0.9277;0.652033333
T2-N8A1;;;10;;0.0872;0.0737;0.0737;49.49;49.85;0.0029;0.0023;0.0422;0.0459;0.0442;0.0012;0.0058;258.2;259.9;92.6;77.99;2.369;2.397;2.377;2.381;0.1745;0.153;0.1491;0.1466;0.15;0.0113;0.0632;358.15;358.15;361.8;354.5;1.036;1.014;1.012;0.7573;0.7633;0.7581;0.759566667;0.0183;0.0167;0.036;0.023666667
T2-N8A2;;;10;;0.0319;0.0245;0.0245;52.58;52.94;0.0003;0.0008;0.0231;0.0223;0.0228;0.0042;0.006;18.04;17.83;74;67.48;0.5146;0.5202;0.5078;0.5142;0.0253;0.0235;0.0234;0.0222;0.0238;0.0026;0.0518;178.9;178.9;180.8;177;1.051;1.026;1.032;0.2398;0.2399;0.2396;0.239766667;0.0108;0.0118;0.0125;0.0117
T2-N8G1;;;10;;0.1622;0.1513;0.1513;38.41;38.56;0.0037;0.003;0.0466;0.047;0.0475;0.0008;0.0064;244.6;245.9;70.28;64.7;1.791;1.816;1.792;1.799666667;0.3464;0.328;0.3216;0.3175;0.3256;0.0182;0.0417;309.25;309.25;313.5;305;1.053;1.036;1.034;0.5391;0.5465;0.5408;0.542133333;0.1027;0.1043;0.1187;0.108566667
T2-N8G2;;;10;;0.0275;0.0188;0.0188;48.77;48.83;0.0003;0.0011;0.0235;0.0227;0.0227;0.0074;0.0085;9.914;9.837;73.7;66.96;0.3584;0.3635;0.3536;0.3585;0.0309;0.0298;0.0288;0.0286;0.03;0.0041;0.0522;168.9;168.9;170.6;167.2;1.05;1.032;1.029;0.1351;0.132;0.1339;0.133666667;0.0327;0.0347;0.0333;0.033566667
T2-F8Z1;;;10;;7.656;7.53;7.53;56.38;56.53;0.0325;0.0003;0.3565;0.4035;0.4627;0.0058;0.0062;2492;2570;81.4;76.85;2.915;2.933;2.913;2.920333333;9.929;9.753;9.591;9.424;9.591;0.1194;0.0926;1673;1673;1649;1697;0.9631;0.9556;0.9515;5.124;5.202;5.17;5.165333333;0.3746;0.3439;0.629;0.449166667
T2-F8Z2;;;10;;9.513;9.415;9.415;61;61.47;0.0362;0.0005;0.4612;0.5126;0.5884;0.0066;0.0075;2640;2715;104.3;93.61;3.757;3.779;3.755;3.763666667;10.9;10.78;10.46;10.38;10.59;0.1314;0.1241;1861;1861;1815;1907;0.9494;0.9423;0.9374;6.271;6.27;6.223;6.254666667;0.4753;0.4409;0.7636;0.559933333
T2-N7E21;99.7;100.0906;;;5.55;5.605;5.632;352.4;340.4;0.0031;0.0029;0.0275;0.0287;0.0256;0.0478;0.0561;237.6;238.8;4.785;4.985;0.1807;0.4171;0.1803;0.1821;0.5098;0.4973;0.4843;0.5009;0.494;0.0175;0.031;275.9666667;281.5;274.5;271.9;0.9431;0.9597;0.9519;11.82;12.22;12.37;12.29;0.0444;0.0422;0.0577;0.0616
T2-N7E12;101.1;103.1984;;;6.771;6.835;6.881;429.4;416.7;0.0028;0.005;0.031;0.0301;0.0281;0.0352;0.0443;278.9;278.2;4.729;4.868;0.2054;0.4817;0.2052;0.2075;0.4888;0.4736;0.4594;0.4725;0.4659;0.0396;0.0365;329.4333333;337.4;328.4;322.5;0.8018;0.8143;0.8098;9.719;10.04;10.11;10.03;0.0402;0.0376;0.0553;0.0761
T2-F8D2;115.3;24.6102;;;8.586;8.661;8.78;337.5;323.8;0.0038;0.0037;0.0654;0.0663;0.0625;1.626;1.602;229.1;230.4;3.177;3.235;0.1144;0.35;0.1136;0.1155;2.233;2.245;2.199;2.191;2.215;0.021;0.0362;470.2333333;473.2;473.1;464.4;0.9377;0.9426;0.9347;9.138;9.423;9.483;9.443;0.0507;0.036;0.0608;0.0567
T2-F8D1;103.6;17.1016;;;8.574;8.684;8.815;314.7;296.5;0.0041;0.0037;0.0762;0.0743;0.0719;2.089;2.036;195.6;194.9;2.677;2.678;0.1036;0.3025;0.1042;0.1051;3.178;3.241;3.133;3.101;3.184;0.0227;0.03;486.8666667;489.9;489.6;481.1;0.9256;0.937;0.9316;10.01;10.35;10.37;10.31;0.0611;0.0436;0.0694;0.0604
T2-P8B1;94.6;;;;6.364;6.457;6.492;290.1;272.9;0.0024;0.0027;0.0234;0.0251;0.0235;0.207;0.2087;212.1;211.6;4.532;4.602;0.151;0.362;0.1512;0.1539;0.6371;0.6299;0.6139;0.6222;0.6218;0.0159;0.0291;315.9;320.4;316;311.3;0.9134;0.9265;0.921;11.46;11.87;11.92;11.85;0.0458;0.0426;0.056;0.064
T2-N8B2;94.5;;;;5.288;5.371;5.399;366.2;358;0.0024;0.0035;0.0257;0.0245;0.0217;0.0427;0.0501;212.8;210.4;5.324;5.426;0.1819;0.3901;0.183;0.1841;0.4584;0.4487;0.4345;0.4496;0.4434;0.0175;0.0296;283.8;290.3;282.6;278.5;0.9239;0.9383;0.9325;11.87;12.29;12.33;12.29;0.0416;0.0399;0.0525;0.0562
T2-8B2;109.9;;;;21.52;21.69;21.64;55.6;54.93;0.0084;0.0001;0.0591;0.0734;0.0814;0.8796;0.8861;958.1;949.6;10.86;10.9;0.4612;1.413;0.4664;0.4676;1.438;1.389;1.338;1.325;1.362;0.0802;0.0627;141.3;143.8;140.9;139.2;0.9573;0.9684;0.9633;8.62;8.875;8.991;8.838;0.0829;0.0661;0.1275;0.0515
T2-F8B2;100.4;;;;5.274;5.35;5.376;335.9;321.4;0.0017;0.0019;0.0149;0.0182;0.0153;0.0483;0.0548;168.7;168.8;4.085;4.123;0.1334;0.3009;0.1319;0.134;0.3731;0.3633;0.354;0.3691;0.3591;0.0156;0.0224;329.6333333;334.7;329.7;324.5;0.9669;0.9775;0.9695;10.69;11.04;11.13;11.08;0.034;0.0324;0.042;0.0484
T2-8B1;103.1;;;;20.69;20.84;20.76;49.15;48.83;0.0078;0.0002;0.0592;0.0725;0.08;0.868;0.8746;890.2;903.4;11.97;12.01;0.4504;1.348;0.4551;0.4585;1.444;1.389;1.351;1.353;1.373;0.072;0.0589;129.1;131.4;128.7;127.2;0.9457;0.9597;0.9493;13.92;14.37;14.61;14.42;0.071;0.0546;0.1149;0.0584
T2-F8B1;119.6;;;;8.722;8.807;8.946;348;336.1;0.0028;0.0021;0.0231;0.0266;0.0224;0.0875;0.096;264.1;261.5;4.779;4.839;0.1635;0.4444;0.1642;0.166;0.3963;0.3758;0.3665;0.3803;0.3698;0.0198;0.0352;367.7666667;373.3;367.8;362.2;0.9452;0.9563;0.9507;11.59;11.98;12.04;12.03;0.0427;0.0393;0.0557;0.0501
T2-P8B2;111.2;;;;7.148;7.304;7.343;326.8;322.3;0.0031;0.0028;0.0295;0.0284;0.0269;0.221;0.2252;236.8;240.7;4.854;4.893;0.1661;0.4025;0.1652;0.1682;0.7539;0.7377;0.7259;0.7371;0.7265;0.0187;0.0358;366.2;372;366;360.6;0.952;0.9613;0.9544;12.1;12.5;12.65;12.58;0.0687;0.0649;0.0791;0.0654
T2-N8B1;100.9;;;;5.441;5.535;5.545;367.4;370.5;0.0032;0.0054;0.0255;0.0248;0.0228;0.0484;0.0566;230.7;230;5.156;5.198;0.1514;0.3844;0.151;0.1535;0.4242;0.4113;0.4008;0.4115;0.4039;0.0186;0.03;291.6;297.8;290.6;286.4;0.9604;0.9663;0.9565;8.287;8.528;8.63;8.572;0.0529;0.0508;0.0632;0.0616
T2-9A1;;;10;;36.23;36.66;36.49;47.95;47.79;0.0132;0.0013;1.73;1.74;1.747;0.0993;0.1372;1344;1319;125;99.89;5.766;6.48;5.745;5.803;48.11;48.01;47.88;47.5;47.62;0.0472;0.0963;965.4;953.1;981.4;961.7;0.9867;0.9943;0.9858;9.049;9.264;9.552;9.26;0.9471;0.9456;1.199;0.8126
T2-9A2;;;10;;36.38;36.87;36.63;47.98;47.65;0.013;0.001;1.73;1.741;1.749;0.1028;0.1404;1351;1330;126;100.3;5.746;6.48;5.781;5.813;48.19;48.47;47.95;47.45;47.79;0.052;0.0993;968.7333333;958;983.1;965.1;0.9785;0.9889;0.9814;9.506;9.739;9.999;9.727;0.9541;0.953;1.204;0.8385
T2-P9A1;;;10;;4.168;4.574;4.35;75.82;75.73;0.0418;0.0036;0.6386;0.6937;0.8205;0;0.0148;3531;3257;159.9;128.2;5.182;9.829;5.211;5.233;6.928;6.578;6.442;6.334;6.487;0.1704;0.2459;2372.666667;2058;2409;2651;0.9064;0.9113;0.915;11.43;11.68;13.05;11.66;0.5681;0.5257;0.8758;0.443
T2-P9A2;;;10;;5.941;6.443;6.255;65.19;65.08;0.0429;0.0022;0.6716;0.7199;0.8625;0;0.0178;3298;3258;162.9;130.6;5.281;10.12;5.324;5.344;6.355;5.99;5.848;5.755;5.92;0.1753;0.2645;2424;2078;2461;2733;0.902;0.9135;0.914;15.46;15.79;17.23;15.89;0.5857;0.5422;0.8948;0.4713
T2-L9A1;;;10;;0.295695325;0.303718441;0.278489124;0.056722464;0.056886793;0.000121603;6.77E-06;0.001263399;0.001278865;0.001940047;0.010797374;0.011290361;3.730265642;3.911994053;0.183758357;0.159109024;0.007961251;0.021488418;0.008026016;0.008028916;0.037679646;0.036616342;0.036220019;0.035630368;0.036403681;0.000718987;0.000756203;6.611820936;3.39000819;5.290423389;11.15503123;1;1;1;0.009214984;0.008849594;0.01328164;0.00872683;0.00111937;0.000866883;0.00222134;0.000859633
T2-L9A2;;;10;;0.297360069;0.305157121;0.279036997;0.05781514;0.057980828;0.00011793;6.53E-06;0.001228036;0.001253376;0.001910278;0.010857395;0.011354457;3.926790287;3.847845136;0.189175973;0.161496438;0.00800075;0.021276206;0.008142071;0.00811868;0.036529188;0.035905424;0.035125719;0.034433731;0.035408362;0.000725028;0.000778048;6.564143108;3.392692229;5.237669646;11.06206745;1;1;1;0.007361392;0.006878949;0.011383696;0.006897467;0.001102308;0.000856604;0.002178301;0.000854947
T2-F9A1;;;10;;5.213;5.558;5.411;60.36;59.67;0.0274;0.0004;0.4453;0.4954;0.5762;0;0.0235;2926;2919;122.6;102.8;3.829;7.066;3.908;3.906;7.937;7.842;7.559;7.419;7.703;0.1249;0.1429;1831;1685;1869;1939;0.9246;0.9395;0.9404;17.45;17.84;18.72;17.9;0.4144;0.3903;0.6308;0.3155
T2-F9A2;;;10;;7.648;8.085;7.962;60.55;60.44;0.0346;0.0027;0.4944;0.5494;0.636;0;0.0071;2937;3057;124;106;4.161;7.722;4.194;4.215;9.108;8.868;8.75;8.734;8.771;0.14;0.1991;1953.666667;1762;1995;2104;0.9095;0.9174;0.9151;20.5;21.09;22.82;21.45;0.453;0.4217;0.7262;0.3755
T2-F9Z1;;;10;;0.9033;1.067;0.9477;53.78;53.87;0.0229;0.0001;0.3257;0.3612;0.403;0;0.0036;2283;2318;81.46;76.65;2.613;4.758;2.632;2.648;5.455;5.273;5.229;5.173;5.248;0.0878;0.1037;1316.333333;1270;1345;1334;0.939;0.9484;0.9443;2.514;2.473;3.059;2.465;0.2775;0.2579;0.4334;0.2167
T2-F9Z2;;;10;;3.866;4.092;3.992;54.92;54.54;0.0234;0.0009;0.3635;0.4012;0.4521;0;0.0059;2490;2552;87.52;82.65;2.868;5.302;2.872;2.898;6.646;6.463;6.383;6.313;6.409;0.0968;0.1081;1461;1395;1495;1493;0.9257;0.9339;0.9303;4.152;4.184;4.868;4.151;0.3415;0.3204;0.5213;0.2777
T2-N9A2;;;10;;0.0856;0.0965;0.0904;57.99;57.57;0.0003;0.0008;0.0251;0.0237;0.0231;0.0032;0.0045;13.79;13.86;49.31;46.67;0.1428;0.1425;0.1427;0.1421;0.0195;0.0161;0.0171;0.0172;0.0176;0;0.0636;126.1333333;128.5;125.7;124.2;0.9909;0.9981;0.992;0.2306;0.2417;0.2315;0.2276;0.0079;0.0088;0.0087;0.0324
T2-N9G1;;;10;;0.008;0.0201;0.011;44.99;44.52;0.0001;0.0007;0.0248;0.0232;0.0228;0.0036;0.0045;10.28;10.29;61.28;57.2;0.2112;0.2008;0.2144;0.21;0.0135;0.0108;0.0118;0.0125;0.012;0;0.0699;126.2666667;128.3;125.8;124.7;0.9759;0.9872;0.9823;0.0729;0.0692;0.0755;0.0723;0.0132;0.0142;0.0136;0.048
T2-N9G2;;;10;;0.017;0.0305;0.0216;52.09;51.79;0.0003;0.0008;0.0276;0.0267;0.0253;0.0022;0.0044;27.98;28.2;52.37;49.42;0.0992;0.1188;0.0992;0.0986;0.0808;0.0793;0.0775;0.0778;0.0796;0;0.0677;134.0666667;136.4;133.5;132.3;0.9824;0.9892;0.9832;0.0888;0.0863;0.0941;0.0867;0.0168;0.0181;0.0186;0.0512
T2-N9A1;;;10;;0.0226;0.0322;0.0252;56.71;56.05;0.0002;0.0007;0.0248;0.024;0.0235;0.003;0.0044;12.69;12.51;67.44;61.29;0.2252;0.2174;0.2309;0.2252;0.0115;0.0088;0.0098;0.0098;0.0099;0;0.0715;144.0666667;146.8;143.3;142.1;0.9749;0.9903;0.9842;0.083;0.0815;0.0849;0.0825;0.0124;0.0138;0.013;0.047
T2-L8B2;126.6;;;;12.3;12.56;12.62;80.2;81.2;0.0032;0.004;0.0492;0.0499;0.0481;0.5164;0.5142;216.3;215.9;8.396;8.597;0.339;0.335;0.3341;0.336033333;1.035;1.035;1.056;1.046;0.0575;0.4181;473;469.9333333;471.8;467;471;0.9683;0.9861;0.9769;8.168;8.41;8.514;8.42;0.0826;0.0781;0.0926;0.1236
T2-L8B1;102;;;;10.17;10.34;10.41;63.2;63.51;0.0024;0.0032;0.0396;0.0401;0.0379;0.426;0.4211;174.6;175.9;6.991;7.247;0.2671;0.2644;0.2637;0.265066667;0.8178;0.8133;0.833;0.8159;0.0505;0.3379;385;384.6666667;385.6;382.3;386.1;0.9735;0.9908;0.981;8.304;8.556;8.674;8.596;0.0823;0.0781;0.089;0.113
T2-P7B1;99.2;;;;5.88;5.94;5.941;255.9;243.5;0.0029;0.0031;0.0251;0.0258;0.0234;0.1891;0.1933;199.1;199.7;3.926;4.068;0.1364;0.1348;0.135;0.1354;0.7239;0.7154;0.7246;0.7192;0.0273;0.3782;291.6;292.1666667;295.5;288.7;292.3;0.9548;0.9742;0.9669;6.62;6.799;6.883;6.776;0.0575;0.0551;0.068;0.0971
T2-L7B1;116.4;;;;12.13;12.39;12.44;63.97;64.35;0.0028;0.0033;0.0448;0.0467;0.043;0.4633;0.4603;200.6;202.2;7.802;7.96;0.303;0.3006;0.2999;0.301166667;0.9515;0.9479;0.9697;0.956;0.0552;0.3934;418.9;414.3666667;416;413;414.1;0.9476;0.9645;0.959;10.23;10.56;10.68;10.61;0.0726;0.0683;0.0818;0.1058
T2-L7B2;111.6;;;;10.89;11.09;11.16;59.24;59.82;0.0031;0.002;0.0436;0.0441;0.0436;0.4396;0.4352;205.6;205.8;7.178;7.432;0.2839;0.2826;0.2804;0.2823;0.9435;0.9383;0.9452;0.951;0.0517;0.3945;409.8;403.8;405.3;402;404.1;0.9608;0.981;0.9709;1.254;1.275;1.326;1.271;0.0652;0.0606;0.0747;0.1038
T2-7B2;101.7;;;;20.08;20.82;20.5;45.67;45.92;0.0076;0;0.0539;0.0666;0.071;0.801;0.8095;784.9;789.3;9.928;10.16;0.4223;0.4238;0.4209;0.422333333;1.315;1.307;1.317;1.319;0.0628;1.476;121.5;121.5333333;123.2;119.7;121.7;0.9478;0.9634;0.9548;7.478;7.686;7.848;7.648;0.0867;0.0728;0.1274;0.2782
T2-7B1;98.8;;;;19.13;19.82;19.5;44.15;44.35;0.0072;0;0.0541;0.0678;0.0697;0.7989;0.8061;722.5;733.6;10.14;10.41;0.3847;0.3865;0.3844;0.3852;1.278;1.266;1.282;1.279;0.0555;1.415;111.9;110.5;111.9;108.8;110.8;0.9562;0.974;0.9686;6.686;6.867;7.026;6.829;0.1073;0.0948;0.1437;0.2863
T2-F7B2;134.5;;;;8.037;8.114;8.191;333.8;325.9;0.004;0.0032;0.0236;0.0289;0.0251;0.0921;0.1002;251;253.8;4.837;5.049;0.1692;0.1687;0.1678;0.168566667;0.5294;0.5296;0.5491;0.5351;0.0249;0.5038;368.9;365.4333333;370.3;362.1;363.9;0.9304;0.9503;0.9421;10.84;11.18;11.3;11.19;0.0764;0.0743;0.0907;0.12
T2-P7B2;100;;;;7.178;7.293;7.322;263.9;251.5;0.0033;0;0.0248;0.026;0.0249;0.2201;0.2235;232.6;237.5;4.305;4.442;0.1463;0.1447;0.1453;0.145433333;0.7048;0.6998;0.7189;0.7099;0.0322;0.424;308.8;304.8666667;309.1;301.4;304.1;0.9364;0.9533;0.9426;7.545;7.739;7.844;7.735;0.0736;0.0705;0.0851;0.113
T2-N8E11;98.5;198.864;;;5.088;5.098;5.127;342.9;350.1;0.0028;0.0034;0.0248;0.023;0.0221;0.0416;0.0495;212.4;212.1;3.833;3.977;0.1675;0.1657;0.1652;0.166133333;0.3885;0.388;0.3954;0.3905;0.0232;0.3885;279.3;275.5333333;280.5;271.6;274.5;0.9367;0.9558;0.9498;5.515;5.673;5.751;5.665;0.0676;0.0664;0.078;0.1035
T2-N8E12;96.3;198.864;;;4.705;4.716;4.731;322.6;327.6;0.003;0.0022;0.0212;0.0205;0.0191;0.0421;0.0496;200.5;201.4;5.574;5.805;0.1847;0.1832;0.1824;0.183433333;0.3483;0.3463;0.3486;0.3491;0.0211;0.3749;264.9;264.0666667;268.6;260.3;263.3;0.9687;0.9903;0.9818;2.13;2.175;2.228;2.166;0.0571;0.0561;0.0672;0.0917
T2-N8E13;101.2;198.864;;;4.64;4.643;4.662;326.2;328.9;0.0033;0.0022;0.02;0.0203;0.0199;0.0357;0.0436;214.4;214.2;15.46;16.26;0.3566;0.3563;0.354;0.355633333;0.3332;0.3323;0.3388;0.3339;0.0278;0.3792;294;290.5;295.4;286.5;289.6;0.9467;0.9673;0.9586;4.077;4.181;4.255;4.17;0.0505;0.05;0.062;0.0872
T2-N8E21;102.3;125.978;;;5.571;5.592;5.611;353.2;360;0.0031;0.0024;0.0239;0.0258;0.0241;0.0525;0.0603;228.3;228.7;4.127;4.271;0.193;0.1917;0.1906;0.191766667;0.461;0.4607;0.4713;0.4621;0.0251;0.4326;297.6;293.1333333;298.5;288.9;292;0.9285;0.95;0.9434;5.845;6.005;6.09;5.954;0.0705;0.0687;0.0828;0.1092
T2-N8E22;98.4;125.978;;;3.04;3.028;3.051;213.4;203.7;0.002;0.0038;0.0158;0.0137;0.0113;0.0252;0.0308;128.6;129.4;4.27;4.412;0.1302;0.1286;0.1285;0.1291;0.2656;0.2651;0.2689;0.2659;0.0202;0.2321;173.2;172.6333333;176.3;169.5;172.1;0.9764;0.9957;0.988;3.129;3.205;3.269;3.203;0.0528;0.0523;0.0584;0.0825
T2-N7B2;99.5;;;;4.959;4.974;4.985;334.7;340.7;0.0036;0.0035;0.0249;0.0264;0.0246;0.0502;0.0583;227.7;233.7;4.473;4.643;0.1682;0.1675;0.1673;0.167666667;0.503;0.5033;0.5159;0.5045;0.027;0.4366;282.5;278.4333333;283.5;274.6;277.2;0.9406;0.9611;0.9526;7.433;7.622;7.753;7.625;0.065;0.0636;0.0777;0.1013
T2-N7B1;118.8;;;;6.097;6.181;6.205;406.2;418.1;0.0038;0.0017;0.0276;0.033;0.029;0.0386;0.0486;259.6;263.2;5.454;5.712;0.2046;0.2042;0.2024;0.203733333;0.4956;0.4972;0.5172;0.4976;0.0233;0.5199;346.8;341.1333333;346.8;337.7;338.9;0.9404;0.9599;0.9522;10.76;11.11;11.23;11.14;0.081;0.0792;0.0964;0.1249
T2-F7B1;98.2;;;;7.597;7.75;7.755;316.4;305.5;0.0031;0.0037;0.0206;0.0222;0.0216;0.0473;0.056;245.7;246.7;4.132;4.254;0.1465;0.1461;0.1454;0.146;0.3981;0.3965;0.4095;0.3963;0.0299;0.4693;337.4;331.1;336.7;327.6;329;0.9045;0.9371;0.9177;9.084;9.375;9.493;9.396;0.0565;0.0543;0.0693;0.1002
T2-L9B1;94.4;;;;13.49;13.9;13.72;52.82;53.22;0.0026;0.0026;0.036;0.0352;0.0335;0.3728;0.3688;192.2;192.3;6.558;6.7;0.2538;0.2529;0.2505;0.2524;0.7547;0.7479;0.76;0.7526;0.052;0.3798;370.3;361.3;363.8;359.2;360.9;0.9831;1.001;0.9875;5.231;5.381;5.426;5.384;0.0849;0.0821;0.0912;0.1201
T2-N8E23;97.3;125.978;;;5.298;5.31;5.334;346.7;354.1;0.0028;0.0049;0.0231;0.0238;0.0227;0.0455;0.0531;220.9;220.8;6.214;6.525;0.1937;0.192;0.1907;0.192133333;0.4584;0.4574;0.4686;0.4589;0.0325;0.4179;295.7;290.3;295.6;286.2;289.1;0.9455;0.9624;0.9578;6.374;6.504;6.615;6.507;0.054;0.0525;0.0663;0.086
T2-P9B2;101.6;;;;6.567;6.663;6.692;299.2;288.3;0.0036;0.0016;0.0234;0.0231;0.0251;0.2099;0.2141;243.7;240.7;4.333;4.461;0.1459;0.1448;0.1446;0.1451;0.6733;0.6718;0.6862;0.6756;0.0293;0.4838;339.4;333.5;338.2;330.3;332;0.9518;0.9702;0.9617;7.839;8.049;8.177;8.077;0.0594;0.0561;0.0731;0.1059
T2-L9B2;114.9;;;;10.49;10.72;10.79;58.69;59.11;0.0034;0.0033;0.0417;0.0421;0.0418;0.4227;0.4186;223.7;219.9;7.415;7.48;0.2869;0.2875;0.2864;0.286933333;0.8958;0.896;0.9034;0.8957;0.0546;0.4525;452;438.2333333;441.6;434.7;438.4;0.9839;1.002;0.9964;6.701;6.888;6.973;6.881;0.0585;0.0537;0.0685;0.1041
T2-N9B2;105.1;;;;5.196;5.214;5.233;368.1;378;0.0033;0.0039;0.0217;0.0246;0.0229;0.0411;0.0497;238.7;239.4;5.31;5.566;0.1803;0.1788;0.179;0.179366667;0.3995;0.4;0.4157;0.4005;0.0189;0.4538;306.7;299.9333333;305.9;295.4;298.5;0.9374;0.957;0.9474;9.475;9.769;9.937;9.837;0.053;0.0514;0.0661;0.0834
T2-F9B2;100.2;;;;5.52;5.546;5.556;322.4;315.8;0.0028;0.003;0.0185;0.0181;0.0165;0.0451;0.0525;205.5;207.3;3.789;3.886;0.1268;0.1261;0.1268;0.126566667;0.3084;0.3085;0.3206;0.308;0.029;0.3951;337.2;328.7666667;333.8;325.1;327.4;0.9584;0.9754;0.9684;7.967;8.209;8.311;8.192;0.0694;0.0679;0.079;0.0954
T2-9B1;95.5;;;;18.78;19.55;19.21;41.52;41.73;0.0074;0;0.051;0.0638;0.0684;0.7403;0.7484;751.1;764.1;9.824;9.947;0.3837;0.3861;0.3845;0.384766667;1.23;1.231;1.24;1.238;0.066;1.474;120.6;116.1333333;117.9;114.4;116.1;0.9841;1.004;0.994;8.054;8.275;8.489;8.249;0.0935;0.0812;0.1314;0.2773
T2-P9B1;102;;;;6.601;6.709;6.722;298.8;285;0.0031;0.0033;0.0233;0.0269;0.0242;0.2146;0.2189;233.4;231.1;4.327;4.466;0.1438;0.1437;0.1436;0.1437;0.6664;0.665;0.6843;0.6721;0.0202;0.441;335.2;326.7333333;332.1;323;325.1;0.9577;0.9758;0.969;9.123;9.412;9.527;9.415;0.0601;0.0567;0.0726;0.0995
T2-F9B1;97.8;;;;5.377;5.404;5.404;323.2;325;0.0023;0.0027;0.0144;0.0136;0.0123;0.03;0.0372;187.2;188;3.554;3.658;0.113;0.1128;0.1126;0.1128;0.2344;0.2336;0.2462;0.2334;0.0214;0.3507;333.7;325.4666667;330.6;322.5;323.3;0.9652;0.9819;0.9752;8.425;8.679;8.78;8.665;0.0479;0.0464;0.0563;0.072
T2-N9B1;113.1;;;;5.707;5.737;5.748;359.7;366.9;0.0031;0;0.0206;0.0236;0.0219;0.0329;0.0418;245;235.6;4.454;4.596;0.1718;0.1693;0.1689;0.17;0.3691;0.3675;0.3776;0.3682;0.0324;0.4711;301.5;295.2666667;301.3;291.3;293.2;0.9496;0.9705;0.961;6.677;6.84;6.957;6.824;0.0724;0.0715;0.0857;0.1088
T2-N9E2;100.9;169.2041;;;5.198;5.21;5.231;364;372;0.0035;0.0041;0.0212;0.0236;0.0224;0.044;0.0526;231.9;235.4;5.431;5.661;0.1777;0.177;0.1765;0.177066667;0.3799;0.3812;0.3965;0.3813;0.0202;0.445;303.5;297.3333333;303.3;293.1;295.6;0.9418;0.9618;0.9543;9.823;10.13;10.26;10.17;0.0646;0.0634;0.0775;0.1008
T2-9B2;103.7;;;;20.78;21.69;21.23;45.76;46.13;0.0085;0;0.0579;0.0708;0.08;0.8483;0.8563;883.4;884.7;11.49;11.73;0.4347;0.4377;0.4345;0.435633333;1.414;1.419;1.432;1.42;0.0682;1.677;135.8;132.4333333;134.6;130.6;132.1;0.9642;0.987;0.9758;11.85;12.21;12.35;12.27;0.0796;0.0649;0.1248;0.2894
T2-F9D1;111.4;52.9367;;;10.28;10.52;10.6;381.7;390.8;0.004;0.0028;0.0425;0.0458;0.0442;1.062;1.035;262.6;266.2;2.319;2.332;0.0967;0.0978;0.0968;0.0971;1.789;1.784;1.798;1.792;0.031;0.526;472.3;456.7666667;464.8;450.9;454.6;0.955;0.9747;0.9662;9.946;10.26;10.38;10.27;0.1201;0.1102;0.1319;0.1544
T2-N9E11;124.3;168.5173;;;6.328;6.425;6.445;421.8;432.6;0.0036;0.0033;0.0243;0.0262;0.0254;0.0338;0.0437;260.8;260.7;3.78;3.868;0.1858;0.1848;0.1844;0.185;0.4247;0.4237;0.437;0.4241;0.0317;0.5004;348.4;339.6666667;346.5;334.8;337.7;0.9483;0.9702;0.9614;8.607;8.871;9.035;8.877;0.1025;0.1012;0.115;0.1432
T2-F9D2;97.2;37.0743;;;7.785;7.875;7.956;293;285.1;0.0033;0.0025;0.0375;0.037;0.0363;0.9016;0.8808;207;208.5;2.05;2.039;0.0736;0.0737;0.0739;0.073733333;1.565;1.564;1.585;1.57;0.0212;0.3901;357.4;347.2666667;352.4;343.6;345.8;0.9767;0.9965;0.9903;10.19;10.51;10.61;10.52;0.0588;0.0507;0.0685;0.0905
T2-N9E12;99.2;168.5173;;;5.047;5.058;5.088;345.5;353.2;0.0032;0.0037;0.0207;0.0218;0.0208;0.0304;0.0392;223.4;224.6;3.568;3.643;0.1619;0.1611;0.161;0.161333333;0.3501;0.351;0.3648;0.3509;0.0198;0.4278;286.7;279.5666667;285.2;275.7;277.8;0.9748;0.9924;0.9847;9.062;9.347;9.487;9.371;0.0737;0.0727;0.084;0.1105
T2-10A1;;;10;;37.23;39.28;38.27;45.89;46.49;0.0127;0.0009;1.63;1.634;1.656;0.2248;0.2572;1227;1182;116.8;99.99;5.376;5.485;5.486;5.449;44.83;44.67;44.78;45.19;0.0493;2.14;888.5;898;881.9;901.1;911;0.9496;0.9658;0.9639;9.157;9.424;9.773;9.432;0.8681;0.8868;1.15;1.187
T2-10A2;;;10;;37.39;39.48;38.32;45.39;45.8;0.0129;0.002;1.632;1.639;1.661;0.2313;0.2627;1238;1176;117;100.1;5.372;5.507;5.5;5.459666667;45.48;44.87;44.9;45.29;0.0469;2.157;898.8;905.2;889.4;912.4;913.8;0.9529;0.969;0.966;9.842;10.13;10.51;10.16;0.8735;0.8904;1.154;1.185
T2-L10A1;;;10;;274.1;293.7;265.2;55.54;56.55;0.1166;0.0036;1.237;1.273;1.823;9.872;10.25;3660;3637;172.5;161.3;7.493;7.646;7.694;7.611;35.6;35.27;35.36;35.84;0.5501;33.68;17180;6405.333333;3404;5132;10680;0.7635;0.7794;0.7873;9.409;9.082;13.94;9.052;1.021;0.8328;2.06;4.889
T2-L10A2;;;10;;275.4;296.7;266.9;49.76;50.76;0.1095;0.0051;1.224;1.253;1.812;9.901;10.23;3586;3700;170.8;161.9;7.437;7.635;7.627;7.566333333;35.35;34.67;34.77;35.5;0.5849;34.52;17710;6465.666667;3446;5161;10790;0.7554;0.7726;0.7807;9.461;9.09;13.48;9.032;1.02;0.8314;2.057;4.999
T2-P10A1;;;10;;6.161;6.756;6.415;59.34;59.93;0.0499;0.0014;0.6651;0.7194;0.9254;0;0.0229;3510;3211;154.5;137.8;5.565;5.758;5.656;5.659666667;6.442;6.284;6.273;6.435;0.2218;14.69;3520;2777.333333;2258;2772;3302;0.8305;0.8575;0.8567;14.3;14.66;16.68;14.4;0.6705;0.6297;1.099;2.524
T2-P10A2;;;10;;2.908;3.309;3.008;58.99;59.44;0.0485;0.0033;0.5746;0.6293;0.8139;0;0.0126;3477;3173;154.3;135.4;5.41;5.611;5.528;5.516333333;4.183;4.053;4.049;4.152;0.1971;12.96;3246;2611.666667;2187;2613;3035;0.8373;0.8649;0.8659;11.89;12.15;14;11.91;0.662;0.6287;1.045;2.359
T2-N10G1;;;10;;0.1407;0.1493;0.1418;48.91;49.13;0.0006;0.0006;0.0261;0.0246;0.0246;0.0072;0.0088;13.32;13.37;38.46;37.95;0.088;0.0893;0.0867;0.088;0.0347;0.0335;0.0329;0.0363;0.0034;0.0223;109.8;110.0333333;111.2;108.1;110.8;0.9679;0.9987;0.9884;0.1484;0.1555;0.1566;0.1464;0.0126;0.0136;0.0128;0.0271
T2-N10G2;;;10;;0.0112;0.0281;0.0185;58.04;58.48;0.0006;0;0.0238;0.0233;0.0216;0.0043;0.0047;3.141;3.075;4.028;4.116;0.0119;0.0118;0.0121;0.011933333;0.0158;0.0159;0.0152;0.017;0;0.0063;62.13;61.88666667;62.82;60.27;62.57;0.9815;1.012;1.002;0.0775;0.0785;0.0861;0.0773;0.0107;0.0112;0.01;0.0242
T2-N10A1;;;10;;0.1294;0.1391;0.1328;60.33;60.73;0.0005;0.0006;0.025;0.023;0.023;0.0035;0.0048;9.366;9.223;48.07;46.62;0.1024;0.1049;0.1013;0.102866667;0.0218;0.0222;0.0203;0.0234;0;0.0176;122.9;121.9333333;123.3;119.9;122.6;0.9682;0.9951;0.9877;0.395;0.4011;0.411;0.3966;0.0092;0.01;0.0091;0.0217
T2-F10A1;;;10;;9.562;10.23;10.06;68.02;69;0.0463;0;0.5503;0.6084;0.7633;0;0.0205;3230;3030;132.1;118.6;4.719;4.845;4.776;4.78;10.4;10.15;10.2;10.36;0.1884;11.96;3153;2530.333333;2133;2540;2918;0.8662;0.8874;0.8893;23.84;24.6;26.27;24.5;0.585;0.551;0.961;2.096
T2-F10A2;;;10;;4.859;5.206;5.026;64.54;65.25;0.0324;0.0012;0.4052;0.4497;0.5589;0;0.0045;3017;2777;109.8;98.64;3.767;3.879;3.821;3.822333333;7.229;7.076;7.077;7.198;0.1333;7.77;2345;2008;1822;2023;2179;0.9119;0.939;0.9373;14.51;14.76;15.99;14.84;0.4842;0.4612;0.7474;1.589
T2-F10Z1;;;10;;0.1636;0.1886;0.1722;53.35;53.69;0.0039;0.0019;0.0794;0.0845;0.083;0.0071;0.0202;369.3;369.6;10.81;10.9;0.3723;0.3767;0.3747;0.374566667;1.474;1.442;1.443;1.468;0.0155;0.6904;297.7;290.0333333;291.5;287.2;291.4;1.002;1.029;1.02;0.6722;0.6826;0.7819;0.6717;0.075;0.0734;0.0989;0.1776
T2-F10Z2;;;10;;0.278;0.3202;0.2902;47.31;47.61;0.0062;0;0.1145;0.1193;0.1263;0;0.0102;653.4;653.8;19.33;19.78;0.6815;0.6916;0.6817;0.684933333;2.313;2.279;2.282;2.317;0.025;1.194;474.3;460.5333333;462.4;457.2;462;1.002;1.024;1.018;0.9152;0.9129;1.088;0.9093;0.1191;0.1165;0.1605;0.2951
T2-F10Z3;;;10;;1.039;1.111;1.068;52.66;52.97;0.0105;0;0.1512;0.1705;0.1831;0;0.0048;1282;1212;33.25;33.9;1.175;1.178;1.163;1.172;3.102;3.052;3.057;3.108;0.043;2.115;781;750.4666667;749.2;749.1;753.1;0.9824;1.006;1.001;4.233;4.333;4.632;4.277;0.1663;0.1609;0.2389;0.4715
T2-F10Z4;;;10;;1.505;1.559;1.53;50.91;51.36;0.0083;0;0.1301;0.1421;0.1497;0;0.0096;891.3;878;23.13;23.82;0.8326;0.8359;0.8325;0.833666667;2.489;2.45;2.455;2.486;0.0336;1.636;603.6;582.6;584.4;580.5;582.9;0.9751;0.9972;0.9926;4.156;4.25;4.444;4.201;0.1225;0.1182;0.1771;0.3502
T2-N10A2;;;10;;0.0272;0.0469;0.0406;66;65.89;0.0008;0.0005;0.0243;0.023;0.0238;0.0039;0.0039;1.591;1.585;4.071;4.054;0.0072;0.0075;0.0076;0.008;0.0045;0.0042;0.0041;0.0057;0.004;0;0;69.36333333;72.65;69.19;66.25;1.057;1.058;1.06;0.1261;0.1266;0.134;0.1281;0.0099;0.0105;0.0094;0.0188
T2-F10D1;98.5;2.0738;;;8.278;8.447;8.437;66.67;66.84;0.01;0.0067;0.3943;0.3906;0.3828;11.25;11.46;146.3;148.3;1.903;1.883;0.1298;0.1278;0.1298;0.2033;15.46;15.47;15.36;15.24;15.32;0.0177;0.2822;1161;1154;1152;1177;1.035;1.035;1.038;6.946;7.099;7.174;7.126;0.1778;0.087;0.1791;0.1211
T2-F10D2;102.4;3.8679;;;9.315;9.424;9.482;172.4;172.3;0.0091;0.0069;0.3777;0.3783;0.3672;8.659;8.667;202.4;206.2;2.054;2.017;0.1172;0.1156;0.1172;0.223;11.77;11.72;11.67;11.74;11.71;0.0236;0.4086;997.6666667;1005;989.2;998.8;1.037;1.039;1.041;7.673;7.858;7.943;7.888;0.2089;0.1406;0.2124;0.1796
T2-L10B2;108.5;;;;10.74;10.9;10.96;66.06;65.9;0.0028;0.0008;0.0426;0.0414;0.0415;0.4643;0.4686;200.1;203.9;7.713;7.693;0.2842;0.2822;0.2841;0.3775;0.9155;0.9075;0.8928;0.907;0.8986;0.0531;0.4235;448.9666667;463.6;448.1;435.2;1.079;1.078;1.075;6.072;6.187;6.257;6.205;0.0584;0.0547;0.0685;0.0919
T2-P10B1;103.5;;;;6.308;6.455;6.439;290.1;273.5;0.0032;0.0047;0.026;0.0303;0.0277;0.2096;0.2186;244.1;238.6;5.075;5.169;0.1684;0.1661;0.1686;0.2957;0.7373;0.7189;0.7045;0.7243;0.715;0.0302;0.4989;354.9333333;370.4;355.3;339.1;1.041;1.041;1.043;6.938;7.109;7.199;7.107;0.0706;0.0686;0.0847;0.1143
T2-P10B2;103.6;;;;6.491;6.637;6.64;301.6;288.5;0.0033;0.0023;0.0267;0.0282;0.0282;0.2095;0.2188;242.6;236.9;4.877;4.952;0.1673;0.1643;0.1673;0.2933;0.757;0.7334;0.726;0.7402;0.7316;0.0186;0.4941;363.9666667;381.3;362.8;347.8;1.045;1.046;1.046;9.405;9.663;9.741;9.707;0.0529;0.0507;0.0673;0.0987
T2-10B1;98.3;;;;18.73;18.92;18.45;74.08;74.34;0.0079;0.0007;0.0579;0.0681;0.0728;0.8216;0.8478;688;726.6;11.22;11.72;0.4625;0.4464;0.457;0.8068;1.418;1.346;1.372;1.375;1.348;0.0577;1.473;150.9666667;157.1;151.5;144.3;1.024;1.02;1.018;9.348;9.564;9.753;9.541;0.1104;0.0976;0.1526;0.2707
T2-10B2;100;;;;19.51;19.66;19.34;56.83;56.71;0.0072;0;0.0549;0.0686;0.0722;0.8168;0.8367;765.3;803.3;11.54;11.86;0.4383;0.4363;0.4419;0.8457;1.38;1.332;1.315;1.322;1.321;0.0632;1.496;140.5;146.3;141.2;134;1.016;1.02;1.022;10.62;10.91;11.07;10.91;0.0926;0.0813;0.1359;0.2791
T2-L10B1;104;;;;7.641;7.743;7.73;50.56;50.6;0.0024;0.003;0.0343;0.032;0.0328;0.3263;0.3298;177.3;179.9;6.088;6.221;0.2288;0.2255;0.2271;0.311;0.6956;0.6856;0.6796;0.702;0.6824;0.0424;0.3658;356.3666667;368;357.7;343.4;1.032;1.034;1.035;10.05;10.34;10.4;10.39;0.0715;0.0695;0.081;0.1031
T2-F10B1;103.8;;;;6.016;6.123;6.084;333;330.5;0.0025;0.0036;0.0119;0.016;0.0158;0.0411;0.0482;191.6;195;3.951;4.108;0.1381;0.1352;0.1378;0.2345;0.3498;0.3352;0.3325;0.3492;0.3343;0.0241;0.3836;357.7666667;374.3;357.4;341.6;1.006;1.007;1.008;8.961;9.201;9.3;9.231;0.0475;0.0463;0.0592;0.0697
T2-F10B2;104;;;;6.275;6.389;6.354;333.8;334.6;0.0027;0.0024;0.0176;0.0147;0.0148;0.0374;0.045;193.4;195.3;3.77;3.894;0.1279;0.1265;0.1282;0.2272;0.3435;0.3304;0.3258;0.3402;0.3302;0.0325;0.386;354.7333333;372.4;353.2;338.6;1.022;1.026;1.023;8.047;8.26;8.375;8.262;0.054;0.0532;0.0652;0.0779
T2-F10ZB4;100;;;;8.38;8.457;8.497;315.8;299.8;0.0028;0.0035;0.016;0.0147;0.0166;0.1407;0.1486;232.2;236.4;2.715;2.738;0.0997;0.0987;0.1004;0.2223;0.252;0.2333;0.2299;0.2425;0.2311;0.0285;0.4636;314.3666667;331.5;313.7;297.9;1.013;1.018;1.017;7.106;7.292;7.348;7.257;0.053;0.0505;0.0655;0.0895
T2-F10ZB3;101.8;;;;11.66;11.77;11.83;292.1;275.5;0.0034;0.0035;0.0201;0.0226;0.0225;0.2348;0.2431;272.3;278.7;2.753;2.752;0.1128;0.113;0.1135;0.2666;0.2641;0.2412;0.2388;0.2567;0.2391;0.0286;0.5803;307.2666667;324.6;306.1;291.1;1.013;1.017;1.017;10.43;10.73;10.82;10.74;0.0445;0.0405;0.059;0.0888
T2-N10B1;99.8;;;;5.402;5.474;5.455;396.5;401.7;0.0032;0.0042;0.0227;0.0239;0.0242;0.0325;0.0419;244.7;243.8;5.458;5.642;0.1965;0.1929;0.1959;0.3199;0.4751;0.4585;0.4506;0.4715;0.4529;0.0164;0.4898;323.7666667;344.3;321.7;305.3;1.005;1.009;1.009;11.02;11.35;11.42;11.37;0.0641;0.0631;0.0789;0.106
T2-N10B2;99.5;;;;4.614;4.687;4.669;396.9;401.4;0.0031;0.0035;0.0205;0.0212;0.0205;0.0297;0.0379;221.9;225.2;5.702;5.908;0.1718;0.1689;0.1715;0.2837;0.4009;0.384;0.3795;0.3942;0.3807;0.0277;0.4332;317.4;338.2;314.6;299.4;1.019;1.024;1.021;8.639;8.881;8.97;8.869;0.0673;0.0671;0.0808;0.0997
T2-11A1;;;10;;38.6;39.8;38.75;46.9;47.14;0.0131;0.0021;1.755;1.748;1.734;0.4226;0.4558;1360;1263;129.8;108.9;5.674;5.715;5.69;5.974;48.1;47.27;48;48.03;47.63;0.0549;2.161;978.2666667;991.8;967.2;975.8;0.9784;0.9749;0.9726;9.627;9.804;10.1;9.783;0.9615;0.9397;1.273;1.239
T2-11A2;;;10;;38.42;39.64;38.4;46.69;46.97;0.0131;0.0019;1.746;1.741;1.723;0.4206;0.4515;1354;1268;129.1;108.2;5.641;5.669;5.657;5.926;48.06;47.15;47.93;47.99;47.47;0.0522;2.121;986.9333333;1007;974.5;979.3;0.9822;0.9752;0.9729;9.557;9.738;9.967;9.709;0.9602;0.9356;1.265;1.227
T2-L11A1;;;10;;272.5;285.3;255.8;54.33;55.37;0.1152;0.0054;1.253;1.29;1.794;9.746;10.12;3762;3933;179.2;168.5;7.436;7.592;7.482;13.69;37.23;35.34;35.98;35.8;35.55;0.6782;29.19;6720.666667;3618;5044;11500;0.787;0.7822;0.7911;7.335;6.53;11.16;6.581;1.09;0.8328;2.245;5.088
T2-L11A2;;;10;;281.8;296;265.8;71.69;72.51;0.1251;0.0051;1.304;1.334;1.888;10.19;10.54;3751;3918;181;169.8;7.471;7.701;7.57;14.15;38.72;36.74;37.25;37.13;37.04;0.6365;30.28;6457.666667;3584;4869;10920;0.7791;0.7799;0.7887;8.658;7.885;13.37;7.918;1.131;0.858;2.351;5.466
T2-N11A1;;;10;;0.3225;0.3332;0.3306;61.26;61.42;0.0003;0.0005;0.0261;0.0257;0.0274;0.0118;0.0129;17.39;16.91;40.84;39.94;0.0693;0.0686;0.0689;0.0744;0.0525;0.049;0.0503;0.0497;0.0497;0.0044;0.0333;148.8666667;157.4;151;138.2;0.9942;1.003;0.994;0.2554;0.2543;0.2688;0.259;0.0089;0.011;0.0105;0.0301
T2-N11A2;;;10;;0.0212;0.0359;0.0277;62.13;62.16;0.0001;0.001;0.0248;0.0238;0.0268;0.0037;0.0039;7.307;7.134;86.4;79.15;0.3515;0.3513;0.3458;0.3299;0.0103;0.0081;0.0094;0.0084;0.0097;0.0064;0.0231;192.4666667;204;195.1;178.3;0.9879;0.9922;0.983;0.2288;0.2312;0.2408;0.2307;0.0081;0.0104;0.0092;0.0294
T2-N11G1;;;10;;0.0094;0.0224;0.0138;48.39;48.34;0.0002;0.0006;0.0257;0.0251;0.0274;0.0035;0.0041;9.284;9.023;67.46;62.88;0.2892;0.2905;0.2848;0.275;0.0158;0.0132;0.0148;0.0137;0.0143;0.006;0.0242;154.7333333;164.8;156.7;142.7;0.9938;0.9978;0.9892;0.1768;0.1756;0.1887;0.1791;0.0118;0.014;0.0127;0.0362
T2-N11G2;;;10;;0.15;0.165;0.1599;54.72;55.13;0.0004;0.0004;0.0286;0.0278;0.0291;0.0091;0.0109;28.59;27.92;34.45;33.9;0.0652;0.0641;0.0631;0.0745;0.0896;0.0841;0.0864;0.0856;0.0853;0.0055;0.0547;144.8333333;159.8;145.5;129.2;1.003;1.003;0.9974;0.1635;0.1598;0.1744;0.1615;0.0177;0.0188;0.0197;0.0413
T2-P11A1;;;10;;41.86;43.71;42.28;61.68;62.67;0.0705;0.0029;0.7634;0.8374;1.056;0;0.0068;3720;3478;153.9;139.6;5.285;5.33;5.162;8.678;17.32;16.12;16.48;16.23;16.27;0.2906;15.94;3579.333333;3120;3311;4307;0.8531;0.8498;0.8577;13.57;13.62;15.87;13.15;0.8042;0.6982;1.441;2.93
T2-P11A2;;;10;;5.587;6.169;5.817;63.75;64.22;0.0627;0.0012;0.7396;0.8093;0.987;0;0.0071;3701;3346;161.8;141.7;5.47;5.462;5.34;8.402;10.81;9.84;10.14;9.913;9.866;0.2517;13.84;3334;3042;3114;3846;0.8762;0.8726;0.8825;14.84;14.8;16.73;14.35;0.7478;0.6569;1.275;2.563
T2-F11A1;;;10;;30.06;31.47;30.51;62.72;63.21;0.0527;0.002;0.5589;0.622;0.7648;0;0.004;3876;3242;119.8;108.7;3.956;3.978;3.884;6.56;13.77;12.8;13.09;12.88;12.85;0.2038;11.61;3042.666667;2907;2863;3358;0.9001;0.899;0.9031;17.28;17.45;19.39;16.97;0.6303;0.5541;1.083;2.156
T2-F11A2;;;10;;4.195;4.59;4.365;64.96;65.62;0.0441;0.0012;0.5184;0.5815;0.7027;0;0.0093;3487;3119;122.4;108.7;3.975;3.996;3.926;6.303;9.753;8.976;9.16;8.99;8.945;0.1818;9.793;2820;2773;2666;3021;0.9234;0.9164;0.9224;12.96;13.1;14.43;12.84;0.5907;0.5266;0.964;1.904
T2-F11Z1;;;10;;22.86;23.99;23.4;55.98;56.24;0.0408;0.0016;0.4732;0.5346;0.6476;0;0.0071;3504;3086;98.2;90.17;3.215;3.235;3.162;5.538;12.03;11.32;11.41;11.19;11.26;0.1761;8.95;2711;2720;2563;2850;0.9234;0.9181;0.9251;5.407;5.269;6.668;5.187;0.5283;0.4689;0.8864;1.772
T2-F11Z2;;;10;;2.418;2.683;2.523;55.21;55.52;0.0301;0.0004;0.4002;0.4502;0.5238;0;0.0054;3166;2861;89.99;83.49;2.898;2.931;2.875;4.685;8.526;7.953;8.069;7.904;7.986;0.1336;6.642;2209.666667;2335;2101;2193;0.9442;0.9394;0.946;2.914;2.744;3.713;2.699;0.4295;0.3896;0.6927;1.362
T2-N10E22;96.7;187.3415;;;4.76;4.803;4.825;353.6;356.3;0.0026;0.0038;0.0199;0.0223;0.0234;0.0708;0.078;221.4;209.7;6.167;6.356;0.1744;0.1724;0.1718;0.2808;0.447;0.4151;0.4199;0.4293;0.4156;0.0241;0.3734;365.1666667;426.5;356.1;312.9;0.9699;0.9656;0.9673;8.776;9.015;9.01;8.903;0.0479;0.0462;0.062;0.0835
T2-F11D1;162.3;21.2345;;;12.99;13.21;13.29;462.2;468.9;0.0043;0.0043;0.0596;0.0634;0.0615;2.609;2.596;287.8;274.1;2.822;2.826;0.1352;0.1345;0.1338;0.2892;2.141;2.057;2.078;2.065;2.064;0.0356;0.5246;804.1333333;933.2;774.2;705;0.9695;0.9672;0.968;8.121;8.342;8.311;8.215;0.0519;0.0283;0.0601;0.0682
T2-F11D2;99.3;27.4081;;;8.172;8.268;8.365;297.9;283.4;0.0032;0.0026;0.0433;0.0427;0.0445;1.011;1.003;209.6;200.3;2.552;2.513;0.1049;0.1037;0.1033;0.2099;1.602;1.54;1.56;1.561;1.554;0.0266;0.3648;455.9666667;530.5;445.1;392.3;0.9981;0.997;0.9958;9.29;9.553;9.533;9.416;0.0597;0.0498;0.0707;0.087
T2-N10E12;98.7;191.4639;;;4.83;4.871;4.915;356.3;359.2;0.0022;0.0014;0.0222;0.0238;0.0242;0.0318;0.0399;233.9;221.2;4.141;4.186;0.1795;0.1774;0.1764;0.2922;0.4457;0.4122;0.419;0.4285;0.4126;0.0296;0.4037;369.6333333;435;360.2;313.7;0.9726;0.9704;0.9677;8.451;8.679;8.668;8.555;0.0384;0.0369;0.0531;0.0803
T2-N11B1;98.5;;;;4.889;4.936;4.965;355.3;357.9;0.0029;0.0021;0.021;0.0244;0.026;0.0216;0.0297;231.7;219.3;5.134;5.178;0.1643;0.1617;0.1615;0.2769;0.471;0.4386;0.444;0.4536;0.4364;0.0218;0.4006;369.4666667;435.4;359.2;313.8;0.9869;0.9867;0.9877;9.851;10.12;10.11;9.974;0.0653;0.0639;0.0793;0.0968
T2-N10E11;100.5;191.4639;;;4.584;4.627;4.659;363.4;367.1;0.0033;0.0014;0.0227;0.0242;0.0255;0.0291;0.0372;238.3;225.5;4.365;4.401;0.1817;0.1786;0.1787;0.2963;0.4503;0.4164;0.4225;0.4257;0.4169;0.0296;0.4109;376.3;444.5;365.2;319.2;0.9693;0.9698;0.9706;7.124;7.259;7.277;7.178;0.0407;0.0392;0.0557;0.0831
T2-P11B1;98.7;;;;6.057;6.162;6.198;259.7;244.8;0.0025;0.0018;0.0211;0.0244;0.026;0.2113;0.2181;244.5;231.8;4.44;4.43;0.1475;0.1464;0.1455;0.2683;0.5657;0.5278;0.537;0.5383;0.5295;0.0344;0.4056;422.4333333;495.2;411.4;360.7;0.9965;0.9958;0.995;6.163;6.314;6.29;6.228;0.0377;0.0343;0.0515;0.0858
T2-F11B2;98.3;;;;6.506;6.615;6.656;294.3;277.4;0.0024;0.0029;0.0194;0.0207;0.0217;0.0474;0.0553;231.9;219.2;4.147;4.151;0.1397;0.1381;0.1377;0.2543;0.3931;0.3601;0.3673;0.3778;0.3604;0.0255;0.4063;413;485.5;402.2;351.3;1.002;1.001;1;9.331;9.57;9.566;9.445;0.0287;0.0267;0.0425;0.0662
T2-N10E21;101.6;187.3415;;;5.006;5.057;5.092;376.6;380.3;0.0028;0.0015;0.0201;0.022;0.0239;0.0302;0.0382;238.8;224.4;4.855;4.879;0.1784;0.176;0.1751;0.2939;0.4261;0.3933;0.3984;0.394;0.3934;0.0253;0.417;382.2;451.6;371.3;323.7;1;0.9956;0.9955;2.013;2.055;2.081;2.042;0.0811;0.0794;0.0947;0.1111
T2-F11B1;97.2;;;;5.731;5.834;5.868;300.1;284.4;0.0018;0.0014;0.0181;0.0184;0.0186;0.0295;0.0366;204.9;194.1;3.508;3.494;0.1202;0.1185;0.119;0.222;0.3397;0.3115;0.3161;0.3238;0.3102;0.0298;0.3625;431.3333333;508.5;418.5;367;0.9991;0.9973;0.9953;7.097;7.239;7.225;7.156;0.0318;0.0301;0.0437;0.0723
T2-11B2;98.9;;;;20.71;21.22;20.85;23.16;22.9;0.0078;0.0001;0.0555;0.0713;0.0823;0.6749;0.6986;989.8;894.4;13.16;13.13;0.397;0.3949;0.392;0.8635;1.567;1.44;1.462;1.45;1.443;0.0776;1.599;122;143.4;120.2;102.4;1.013;1.006;1.011;9.4;9.616;9.681;9.454;0.1061;0.0907;0.1577;0.3174
T2-P11B2;111;;;;7.817;7.96;7.99;310.8;297.4;0.0038;0.002;0.0297;0.0341;0.0351;0.2404;0.2485;292.2;278.4;5.719;5.784;0.1972;0.193;0.1928;0.347;0.879;0.825;0.8398;0.8551;0.8306;0.0281;0.5228;495.7666667;585.1;480.4;421.8;0.9836;0.9803;0.9821;12.33;12.64;12.65;12.48;0.056;0.0519;0.0752;0.1114
T2-N11B2;93.6;;;;4.869;4.909;4.941;331.1;330.5;0.003;0.002;0.0234;0.0242;0.0268;0.0383;0.0467;247.8;233.9;4.682;4.736;0.1736;0.1701;0.1693;0.2923;0.4651;0.4283;0.4346;0.4425;0.4287;0.0293;0.4283;361.6;430.7;349.8;304.3;0.9957;0.992;0.9911;8.335;8.551;8.517;8.44;0.0473;0.0451;0.0621;0.0951
T2-12A1;;;10;;39.01;40.07;39.15;45.67;45.94;0.0128;0.0027;1.687;1.691;1.683;0.4831;0.5148;1212;1330;125.7;108.2;5.479;5.553;5.598;5.919;46.2;46.03;45.75;45.55;45.91;0.0479;2.178;1048;973.4;957.6;957.1;0.988;0.9803;0.9832;8.664;8.827;9.125;8.834;0.9128;0.9276;1.215;1.195
T2-12A2;;;10;;40.09;41.2;40.43;46.85;47.22;0.0122;0.0022;1.725;1.723;1.721;0.4983;0.5288;1242;1386;129.8;111;5.585;5.741;5.741;6.053;46.95;47.54;46.3;46.18;47.13;0.0493;2.222;1099;997;974.1;978.6;0.9748;0.9702;0.9765;9.574;9.798;10.08;9.794;0.9299;0.9549;1.223;1.24
T2-P12A1;;;10;;3.534;3.981;3.707;63.16;63.77;0.0462;0.0038;0.6579;0.7197;0.886;0;0.0241;3236;3666;153;137;5.081;5.275;5.248;7.845;8.472;8.117;7.885;7.815;8.081;0.2005;9.761;3503;2296;2625;3176;0.8862;0.8809;0.8957;13.86;14.07;15.84;13.91;0.549;0.5108;0.9482;2.127
T2-P12A2;;;10;;8.037;8.639;8.449;63.32;63.61;0.0481;0.0019;0.7085;0.7715;0.9498;0;0.0148;3373;3695;162.9;144;5.867;6.102;6.094;8.841;9.248;8.878;8.616;8.542;8.808;0.2172;10.43;3839;2393;2751;3387;0.8834;0.8769;0.8897;14.63;14.75;16.65;14.66;0.626;0.5893;1.056;2.328
T2-L12A1;;;10;;296.7;309.3;280.7;67.92;68.78;0.1093;0.0029;1.382;1.407;2.054;10.35;10.73;3445;4358;192.9;182.6;8.26;8.527;8.554;15.2;39.84;39.28;38.17;38.02;39.24;0.6589;23.59;20570;3613;5130;11510;0.7788;0.7712;0.7925;9.508;8.925;13.46;8.851;1.142;0.9291;2.326;5.584
T2-L12A2;;;10;;288.1;299.5;271.9;51.99;52.31;0.0925;0.0072;1.313;1.353;1.888;9.368;9.69;3669;4243;196.7;180.2;9.158;9.41;9.522;15.36;37.16;36.82;35.67;35.42;36.75;0.5833;21.1;20440;3592;5079;11260;0.796;0.7919;0.812;7.912;7.319;11.2;7.264;1.103;0.937;2.134;5.006
T2-N12A1;;;10;;0.7423;0.7521;0.7566;63.36;63.36;0.0005;0.0014;0.0303;0.0293;0.0305;0.0205;0.023;61.27;60.04;85.2;78.59;0.7898;0.8177;0.8019;0.7877;0.1238;0.1229;0.1171;0.1152;0.1223;0.0037;0.0825;326.9;261.3;245.4;237.6;0.9841;0.9826;0.9854;0.3347;0.3393;0.3525;0.3439;0.0103;0.012;0.0151;0.0399
T2-N12A2;;;10;;0.021;0.0277;0.0225;43.12;43.16;0.0001;0.0013;0.0248;0.0234;0.0255;0.0015;0.0024;9.537;9.386;65.34;60.68;0.4404;0.4623;0.4513;0.4284;0.0125;0.0132;0.0121;0.0113;0.0138;0.0015;0.0133;191.5;146.4;137.5;132.7;1.004;1.005;1.007;0.2478;0.2537;0.2552;0.2509;0.0114;0.0135;0.0128;0.0289
T2-N12G1;;;10;;0.028;0.0393;0.0323;41.47;41.47;0.0003;0.0016;0.0277;0.0272;0.0282;0.0001;0.0019;30.46;30.08;56.64;53.3;0.2364;0.2454;0.2404;0.2436;0.1003;0.1009;0.0975;0.0958;0.1012;0.002;0.0322;193.7;148.3;139;134.1;1.008;1.004;1.009;0.1871;0.1901;0.1952;0.1925;0.0146;0.0166;0.0175;0.035
T2-N12G2;;;10;;0.0315;0.0406;0.0355;52.58;52.4;0.0001;0.0014;0.0246;0.0234;0.0245;0.001;0.0015;13.74;13.42;90.9;80.19;0.6379;0.67;0.6536;0.6237;0.0097;0.0093;0.0096;0.0078;0.0105;0;0.0268;250.5;193.6;181.3;174.2;1.011;1.007;1.012;0.3137;0.3152;0.3225;0.3196;0.0069;0.0088;0.0091;0.0185
T2-F12A1;;;10;;2.789;3.175;2.927;60.05;60.35;0.0371;0.0014;0.5101;0.5722;0.7076;0;0.0027;3309;3478;134.6;122.4;4.453;4.63;4.62;6.908;8.974;8.707;8.449;8.366;8.547;0.1812;8.624;3500;2225;2423;2815;0.9104;0.9067;0.918;18.07;18.38;20.27;18.55;0.4902;0.4592;0.8358;1.865
T2-F12A2;;;10;;10.06;10.69;10.51;67.82;68.04;0.0472;0.001;0.6589;0.7228;0.9199;0;0.0057;3493;3753;173.6;152;6.294;6.539;6.528;9.437;11.74;11.52;11.06;10.96;11.35;0.2339;10.89;4405;2490;2827;3496;0.8753;0.8716;0.8844;25.75;26.15;28.04;26.07;0.6651;0.6273;1.13;2.479
T2-F12Z1;;;10;;1.26;1.467;1.334;51.58;51.71;0.0223;0.0005;0.3406;0.3866;0.45;0;0.0125;2511;2941;84.16;83.13;2.681;2.791;2.778;4.229;7.177;7.104;6.841;6.76;7.035;0.1066;5.203;2184;1654;1631;1709;0.955;0.9524;0.9645;2.813;2.662;3.423;2.648;0.3139;0.2991;0.5135;1.106
T2-F12Z2;;;10;;3.247;3.513;3.39;51.91;51.96;0.0232;0.0012;0.3542;0.3989;0.4707;0;0.0143;2607;3089;88.05;83.05;3.048;3.164;3.164;4.697;7.633;7.533;7.278;7.201;7.471;0.1104;5.538;2337;1734;1723;1818;0.9524;0.9488;0.9595;3.472;3.39;4.177;3.372;0.3472;0.3327;0.5617;1.183
T2-N11E11;98.8;179.0443;;;4.868;4.929;4.972;356.6;356.5;0.0029;0.0021;0.0216;0.0226;0.0231;0.02;0.0279;222.6;224.9;4.226;4.275;0.1622;0.1668;0.1662;0.2807;0.4462;0.4372;0.4231;0.4333;0.4343;0.0183;0.4102;419.2;325.1;298.7;287.3;0.9857;0.9812;0.9884;9.017;9.271;9.368;9.32;0.0707;0.0715;0.0843;0.1046
T2-N12B1;99.1;;;;5.07;5.128;5.174;340.3;340.1;0.0029;0.0022;0.022;0.0255;0.0251;0.0438;0.0516;235.8;238.5;4.936;5.007;0.17;0.1736;0.1735;0.2986;0.3975;0.3843;0.3704;0.3804;0.3813;0.0291;0.458;429.9;330.4;303.9;291.6;0.9817;0.9773;0.9831;7.547;7.746;7.787;7.766;0.0805;0.0816;0.0951;0.1232
T2-L12B1;95.1;;;;8.584;8.7;8.81;63.93;63.91;0.0021;0.0022;0.0378;0.0379;0.038;0.3909;0.3896;176.4;176.7;6.656;6.629;0.254;0.2627;0.2627;0.3458;0.7954;0.8015;0.7757;0.7835;0.79;0.0523;0.3536;522.3;400.6;374.7;359.8;1.026;1.021;1.028;7.617;7.801;7.847;7.85;0.0785;0.0772;0.0873;0.1166
T2-N11E12;99.8;179.0443;;;4.899;4.963;4.995;357.9;358.2;0.0028;0.0034;0.0212;0.0236;0.0235;0.0193;0.0271;221.8;223.4;4.09;4.121;0.1619;0.1656;0.1653;0.2796;0.4419;0.4284;0.4204;0.4314;0.4293;0.0167;0.4134;425.3;327.1;299.4;287;0.9974;0.9908;0.9973;8.938;9.181;9.283;9.226;0.0693;0.0695;0.0831;0.1026
T2-L12B2;103.5;;;;10.31;10.45;10.56;83.64;83.68;0.002;0.0023;0.0453;0.0449;0.0447;0.4363;0.436;183;183.8;7.734;7.686;0.2954;0.3022;0.3021;0.3864;0.9194;0.921;0.8956;0.9116;0.9172;0.0432;0.3594;572.6;442.4;411.6;395.5;1.011;1.002;1.007;10.32;10.58;10.7;10.67;0.0962;0.0952;0.1051;0.1278
T2-F12B1;95.1;;;;6.33;6.471;6.503;297.8;285.5;0.0022;0.0051;0.0184;0.0204;0.0204;0.0627;0.0697;231.9;232.5;4.023;3.994;0.1359;0.1384;0.1381;0.2593;0.3624;0.3486;0.3386;0.3433;0.3463;0.0304;0.428;485;371.2;341.1;326.8;1.001;0.9928;0.9957;5.384;5.529;5.555;5.56;0.0696;0.0693;0.0823;0.11
T2-P12-B2;99.3;;;;7.432;7.584;7.629;299.7;287.3;0.0026;0.004;0.0245;0.028;0.0268;0.2364;0.2402;227.6;228.4;4.669;4.661;0.161;0.1635;0.1645;0.2817;0.7251;0.7147;0.6984;0.6998;0.7118;0.0268;0.4342;518.9;400.9;367.8;353.3;0.9945;0.9875;0.9893;7.006;7.142;7.219;7.183;0.0983;0.098;0.1108;0.1326
T2-12B2;96.5;;;;18.68;19.05;18.88;47.1;47.13;0.0068;0.0002;0.054;0.0687;0.0754;0.7152;0.7322;778.2;837.8;10.87;10.81;0.4041;0.4152;0.4162;0.8307;1.337;1.288;1.255;1.258;1.275;0.0607;1.489;157;111.7;102.2;97.7;1.005;0.9982;1.005;9.439;9.654;9.828;9.7;0.0763;0.0641;0.1209;0.2698
T2-N11E21;98.4;159.4101;;;5.513;5.615;5.657;338.9;339.8;0.0029;0.005;0.0219;0.0265;0.0257;0.0338;0.0422;242.6;242.8;3.721;3.722;0.1697;0.1721;0.1727;0.3017;0.4478;0.431;0.4218;0.4366;0.4322;0.0173;0.4807;435.7;328;299.8;285.6;0.9969;0.9914;0.9972;10.56;10.82;10.99;10.9;0.0798;0.0797;0.0954;0.1243
T2-P12B1;97.8;;;;6.263;6.393;6.418;310.1;295.7;0.0025;0.0025;0.0255;0.024;0.0255;0.2068;0.2125;219.6;220;3.985;3.959;0.1357;0.1374;0.1382;0.2519;0.6922;0.6798;0.6708;0.672;0.6753;0.0223;0.4251;515.4;393.9;360.6;344.9;0.9961;0.9882;0.9919;6.723;6.865;6.952;6.905;0.0747;0.0737;0.0881;0.112
T2-N12B2;93.2;;;;5.761;5.882;5.903;378.9;379.6;0.0027;0.0038;0.0235;0.028;0.0267;0.0438;0.0523;238.3;242;4.747;4.767;0.1974;0.1997;0.201;0.323;0.5053;0.489;0.4798;0.4799;0.4858;0.0303;0.4671;493.5;374.4;340.9;325.9;1;0.9886;0.9934;3.778;3.871;3.89;3.891;0.0877;0.088;0.1028;0.1203
T2-12B1;130.1;;;;28.03;28.73;28.32;35.32;35.31;0.01;0.0004;0.0665;0.0884;0.1043;0.9059;0.9248;1243;1364;16.68;16.86;0.4927;0.5051;0.5048;1.117;1.858;1.775;1.74;1.729;1.767;0.083;2.25;160.6;112.8;103.4;98.4;0.999;0.9902;0.9941;6.319;6.427;6.683;6.42;0.1067;0.0897;0.1726;0.3956
T2-F12D1;99.3;21.237;;;9.219;9.354;9.466;320.6;313.8;0.0042;0.0032;0.0735;0.0739;0.073;1.609;1.599;230.4;233.3;2.345;2.288;0.0938;0.096;0.0958;0.2176;3.007;3.002;2.955;2.967;3.021;0.0239;0.4466;635.8;490;448;430.6;0.9974;0.9871;0.9908;7.417;7.546;7.639;7.606;0.0817;0.0688;0.0973;0.104
T2-F12B2;97.3;;;;6.264;6.397;6.432;308.4;301.4;0.0018;0.003;0.0209;0.021;0.0216;0.0479;0.0547;207.8;209.6;4.682;4.674;0.1666;0.1681;0.1694;0.2755;0.4271;0.412;0.4068;0.4117;0.4115;0.024;0.4017;536.3;406.9;371.9;356.6;1.031;1.02;1.024;6.265;6.399;6.455;6.44;0.0634;0.0631;0.0751;0.0985
T2-F12D2;98.6;18.0202;;;9.578;9.731;9.846;312.2;303;0.0046;0.0035;0.0918;0.0914;0.0896;1.927;1.92;204.3;204.4;2.721;2.663;0.1035;0.1051;0.1058;0.2131;3.226;3.215;3.175;3.161;3.199;0.0208;0.3992;679.9;523.6;478.3;460.7;1.03;1.018;1.023;9.48;9.707;9.841;9.782;0.0766;0.0614;0.0897;0.0848
T2-L11B2;103.9;;;;10.21;10.36;10.45;57.72;57.94;0.0026;0.0016;0.0407;0.0437;0.0436;0.4369;0.4399;223.1;224;8.072;7.897;0.2931;0.2983;0.2991;0.4056;0.9121;0.8965;0.8847;0.8954;0.892;0.056;0.4444;619.6;467.6;431.5;412.5;1.044;1.033;1.036;8.397;8.595;8.684;8.679;0.0929;0.0906;0.1036;0.1287
T2-11B1;100.3;;;;21.7;22.21;21.89;26.92;26.55;0.0078;0.0009;0.0551;0.0708;0.0794;0.7168;0.7378;916.5;993.6;13.77;13.65;0.3839;0.3925;0.3941;0.8691;1.53;1.455;1.438;1.435;1.452;0.0739;1.736;167.3;114.6;104.8;99.47;1.018;1.004;1.011;8.569;8.75;8.921;8.785;0.1026;0.0901;0.1528;0.3181
T2-L11B1;117.7;;;;8.99;9.107;9.197;52.52;52.7;0.0022;0.0022;0.0409;0.0429;0.043;0.3769;0.3806;233.4;233.6;7.349;7.3;0.2637;0.2677;0.2696;0.384;0.9173;0.9077;0.8914;0.8935;0.9031;0.0549;0.4778;690.3;524.8;480.2;462.7;1.03;1.017;1.02;7.59;7.769;7.841;7.83;0.0658;0.0626;0.0785;0.1106
T2-N11E22;103.3;159.4101;;;5.71;5.824;5.854;357.7;358.4;0.0032;0.0032;0.0239;0.0266;0.0264;0.0335;0.0424;249.6;247.6;9.181;9.219;0.1971;0.1974;0.1993;0.3314;0.4738;0.4545;0.4487;0.4611;0.4516;0.0163;0.4947;483.6;360.1;326.1;310.7;1.024;1.012;1.016;10.16;10.39;10.56;10.48;0.0847;0.0852;0.1012;0.1258
T2-13A1;;;10;;37.3;38.01;37.12;45.95;45.68;0.0131;0.0009;1.657;1.664;1.643;0.5465;0.5838;1148;1141;119.8;103.5;5.275;5.372;5.374;5.618;44.93;44.95;44.65;44.49;44.73;0.0469;2.175;920;920;922.7;917.3;0.9314;0.9538;0.9465;8.731;8.93;9.148;8.903;0.9001;0.8975;1.183;1.19
T2-13A2;;;10;;38.14;38.84;37.95;46.9;46.86;0.0133;0.0014;1.691;1.699;1.673;0.5586;0.5967;1184;1182;122.8;105.8;5.431;5.498;5.5;5.73;45.92;45.74;45.59;45.34;45.63;0.0468;2.259;941.95;941.95;942.9;941;0.9262;0.9499;0.9454;8.949;9.152;9.409;9.135;0.918;0.9174;1.204;1.211
T2-P13A1;;;10;;1.067;1.688;1.17;62.88;62.82;0.0789;0.0009;0.6642;0.7195;1.013;0;0.0047;3403;3295;164.8;151;5.768;5.914;5.856;9.786;3.437;2.685;2.663;2.595;2.664;0.3041;18.93;3806.5;3806.5;3222;4391;0.7881;0.8041;0.8106;11.65;11.85;14.77;11.74;1.004;0.9253;1.639;3.531
T2-P13A2;;;10;;1.069;1.659;1.17;64.89;64.67;0.0721;0.002;0.5256;0.5869;0.8648;0;0.0058;3722;3251;160.3;147.1;5.242;5.398;5.303;9.083;3.221;2.51;2.478;2.389;2.492;0.2972;18.02;3715.5;3715.5;3169;4262;0.79;0.8075;0.8151;10.24;10.37;12.95;10.24;0.6882;0.6069;1.263;3.104
T2-L13A1;;;10;;300.4;310.1;278.8;55;54.95;0.1271;0.0051;1.235;1.273;1.853;9.642;10.12;3339;3540;190.2;176;7.917;8.024;8.005;14.55;35.93;34.79;34.51;34.3;34.93;0.6446;32.68;7935;7935;4910;10960;0.7388;0.7537;0.7659;9.577;9.162;14.23;9.108;1.082;0.8543;2.248;5.387
T2-L13A2;;;10;;287.1;296.8;268.2;68.6;68.22;0.1262;0.0054;1.203;1.234;1.816;9.204;9.58;3554;3487;186.1;174.4;7.104;7.257;7.213;13.59;35.1;34.2;33.6;33.28;34.16;0.629;29.73;7768;7768;4856;10680;0.7407;0.7591;0.7719;10.73;10.38;14.4;10.15;1.027;0.8099;2.139;5.238
T2-N13A1;;;10;;0.8326;0.8391;0.8436;56.62;55.96;0.001;0.0019;0.0318;0.0306;0.0298;0.0218;0.0257;76.12;76.37;64.81;61.78;0.874;0.8891;0.8689;0.8646;0.1252;0.1201;0.1172;0.1213;0.123;0.0027;0.1164;226.2;226.2;232.6;219.8;0.9518;0.9751;0.9696;0.3985;0.4041;0.4153;0.3986;0.0101;0.0111;0.0145;0.0433
T2-N13A2;;;10;;0.086;0.1117;0.0876;48.68;48.23;0.0046;0.0035;0.0383;0.0456;0.0459;0;0.0022;454.6;468.7;76.94;73.25;1.942;1.976;1.957;2.132;0.0561;0.0158;0.0154;0.0125;0.0157;0.0176;0.9089;444.85;444.85;455.2;434.5;0.9349;0.9591;0.9543;0.6166;0.6204;0.7098;0.6102;0.0154;0.012;0.0425;0.1521
T2-N13G1;;;10;;0.0521;0.0631;0.0513;43.77;43.32;0.0015;0.002;0.0346;0.035;0.0353;0;0.0044;147.4;149;45.37;44.32;0.6143;0.6264;0.6175;0.6697;0.1523;0.1415;0.1377;0.1365;0.1446;0.006;0.2522;200.75;200.75;207;194.5;0.9565;0.9794;0.9724;0.2953;0.2963;0.3266;0.2956;0.0404;0.0415;0.0484;0.093
T2-N13G2;;;10;;0.2399;0.2554;0.2425;55.58;55.04;0.002;0.0021;0.0322;0.0328;0.0335;0;0.0042;201;201.8;46.07;44.84;1.005;1.011;1.007;1.058;0.0398;0.0227;0.0225;0.0203;0.0251;0.0076;0.3612;236.35;236.35;243.3;229.4;0.9499;0.9748;0.9658;0.5223;0.5265;0.5622;0.523;0.0186;0.0184;0.0294;0.0797
T2-F13A1;;;10;;2.63;3.089;2.738;62.85;62.66;0.0549;0.0025;0.4395;0.4963;0.6851;0;0.0011;3190;3097;124.5;118.6;4.312;4.403;4.366;7.341;4.506;3.972;3.897;3.835;3.928;0.225;13.62;3056;3056;2747;3365;0.8225;0.8434;0.8456;11.57;11.77;13.93;11.64;0.7739;0.7173;1.216;2.612
T2-F13A2;;;10;;2.862;3.36;2.981;61.77;61.15;0.0583;0.0005;0.3546;0.4186;0.6313;0;0.0031;3254;3108;133.1;125.9;4.343;4.46;4.394;7.603;3.814;3.238;3.177;3.105;3.21;0.2375;14.52;3221.5;3221.5;2857;3586;0.8195;0.8391;0.8442;21.43;21.74;24.2;21.77;0.5768;0.5088;1.035;2.524
T2-F13Z1;;;10;;0.7119;1.015;0.7681;53.46;53.02;0.0379;0.0014;0.3267;0.3813;0.4902;0;0.0125;3059;2815;90.36;88.64;3.001;3.076;3.052;5.266;5.514;5.174;5.068;5;5.138;0.1567;9.097;2275.5;2275.5;2151;2400;0.8652;0.8865;0.8886;2.107;1.857;3.16;1.865;0.5305;0.4929;0.8222;1.752
T2-F13Z2;;;12.5;;0.5864;0.7508;0.6209;36.04;35.78;0.022;0.0007;0.1638;0.2074;0.2502;0;0.02;2311;2287;52.7;54.06;1.677;1.686;1.675;2.958;2.754;2.552;2.504;2.455;2.535;0.09;4.988;1405;1405;1396;1414;0.8958;0.9174;0.9165;1.266;1.115;1.929;1.129;0.2097;0.1876;0.3646;0.8859
T2-F13D2;96.4;14.0213;;;12.85;12.95;12.8;52.65;52.3;0.0033;0.0011;0.0512;0.0541;0.0523;0.5383;0.5463;271.1;275;9.256;9.33;0.3324;0.3338;0.3364;0.4777;1.109;1.089;1.074;1.067;1.078;0.0625;0.5818;561.9;561.9;575.3;548.5;0.9613;0.9801;0.9717;6.338;6.488;6.56;6.507;0.0667;0.0609;0.0819;0.1323
T2-L13B2;114;;;;9.818;9.872;9.954;238;222.6;0.0047;0.003;0.1455;0.1433;0.1406;1.918;1.919;224.4;229.8;2.622;2.622;0.1179;0.1175;0.1197;0.2385;6.703;6.652;6.609;6.573;6.643;0.0254;0.4372;518.5;518.5;530.3;506.7;0.9577;0.976;0.9713;8.795;9.024;9.124;9.08;0.109;0.0923;0.1401;0.1421
T2-F13D1;106.2;19.7784;;;11.34;11.44;11.53;289.8;276.1;0.0046;0.0043;0.0883;0.0903;0.0861;1.7;1.702;233.9;231.4;3.076;3.111;0.1269;0.1275;0.1287;0.2551;4.47;4.429;4.394;4.404;4.426;0.0248;0.4719;504.45;504.45;515.8;493.1;0.9672;0.9907;0.9832;10.43;10.69;10.83;10.78;0.1092;0.0946;0.132;0.1342
T2-P13B1;100;;;;7.121;7.23;7.26;255.1;237.9;0.0033;0.0016;0.0242;0.0252;0.0271;0.2273;0.2358;246.9;252.2;4.466;4.561;0.149;0.1502;0.1504;0.287;0.7524;0.7315;0.7184;0.7262;0.729;0.031;0.5069;331;331;340.5;321.5;0.9755;0.9983;0.9905;6.602;6.754;6.815;6.763;0.0882;0.0851;0.1027;0.1383
T2-N13B2;99.4;;;;5.393;5.456;5.473;336;334.1;0.0033;0.0004;0.0193;0.0188;0.0223;0.0492;0.059;251.5;256.8;4.987;5.152;0.1486;0.15;0.1509;0.2899;0.2242;0.2025;0.1999;0.2137;0.1996;0.0186;0.5164;305.75;305.75;315.5;296;0.9702;0.9946;0.9885;10.45;10.73;10.85;10.79;0.0949;0.0934;0.1085;0.1472
T2-P13B2;98.9;;;;8.076;8.146;8.227;249.6;232.8;0.0033;0.0028;0.0255;0.0324;0.0288;0.1907;0.2;266.8;271.9;4.217;4.287;0.1395;0.142;0.1415;0.2911;0.7382;0.7111;0.7001;0.7057;0.7071;0.0243;0.5628;326.45;326.45;336.4;316.5;0.9809;1.005;0.9987;8.206;8.42;8.527;8.467;0.0561;0.0526;0.0727;0.1104
T2-N13B1;99.8;;;;5.247;5.285;5.307;346;344.2;0.0031;0.0025;0.0192;0.0248;0.0234;0.0509;0.0603;241.6;242.3;5.551;5.738;0.1689;0.1685;0.1705;0.3016;0.2769;0.2542;0.2522;0.2639;0.2521;0.0177;0.4922;300.35;300.35;309.1;291.6;0.977;1.001;0.9936;9.968;10.22;10.35;10.3;0.0785;0.0769;0.0925;0.1257
T2-F13B1;98.5;;;;7.167;7.229;7.305;277;264.4;0.003;0.001;0.0173;0.0182;0.02;0.0768;0.0851;219.1;216.2;3.856;3.908;0.1316;0.1325;0.1337;0.2528;0.282;0.264;0.2584;0.2653;0.2609;0.028;0.4379;328.5;328.5;339;318;0.9903;1.011;1.004;6.566;6.731;6.799;6.737;0.0696;0.0679;0.0806;0.1117
T2-F13B2;97.5;;;;6.963;7.071;7.094;278.9;260.6;0.0032;0.002;0.0164;0.0202;0.0184;0.0734;0.0824;235;229.3;4.015;4.073;0.1314;0.1314;0.1329;0.2562;0.2231;0.2037;0.2022;0.2108;0.2022;0.0282;0.459;328.85;328.85;338.9;318.8;0.9816;1.003;0.9968;7.847;8.042;8.149;8.089;0.078;0.076;0.0896;0.1214
T2-13B1;98.3;;;;20.25;20.51;20.19;48.31;48.09;0.0073;0.0002;0.0723;0.0822;0.0851;0.9225;0.9377;704.5;721.4;14.22;14.49;0.5558;0.5592;0.5614;0.9358;1.668;1.6;1.588;1.584;1.597;0.0557;1.452;157.75;157.75;163.5;152;0.9884;1.004;0.9972;8.502;8.692;8.843;8.741;0.0916;0.0784;0.1332;0.2725
T2-13B2;95.8;;;;22.35;22.62;22.22;65.65;65.04;0.0059;0.0008;0.1061;0.109;0.1131;1.347;1.353;551.8;566.5;17.57;18.08;0.7866;0.7882;0.7922;1.068;2.324;2.254;2.252;2.245;2.252;0.0424;1.154;204.65;204.65;211.6;197.7;0.9832;0.998;0.9904;10.2;10.43;10.53;10.53;0.136;0.1223;0.1662;0.268
T2-N12E12;93.4;152.865;;;4.606;4.636;4.651;314.8;307.9;0.0031;0.0014;0.0213;0.0228;0.0219;0.0294;0.0376;216.5;218.9;16.64;17.28;0.204;0.205;0.2068;0.314;0.3684;0.3501;0.3454;0.3539;0.3452;0.0222;0.4125;296.6;296.6;306.1;287.1;0.9643;0.9813;0.9753;7.726;7.932;8.036;7.976;0.0694;0.0689;0.082;0.1083
T2-N12E21;97.2;175.351;;;5.104;5.135;5.155;319.8;316.7;0.0024;0.0018;0.0202;0.0235;0.023;0.0429;0.0514;209.9;211.1;8.574;8.766;0.2058;0.207;0.2083;0.3113;0.4187;0.3995;0.3971;0.3959;0.3971;0.0218;0.404;294.75;294.75;303.9;285.6;0.9663;0.9888;0.9818;3.076;3.152;3.196;3.154;0.0624;0.0616;0.0747;0.1014
T2-N12E22;115.8;175.351;;;6.163;6.286;6.31;397;399.2;0.0029;0.003;0.0258;0.0321;0.0286;0.0495;0.0585;247.4;247.4;4.952;4.98;0.2109;0.2118;0.2145;0.3456;0.5139;0.4913;0.4867;0.4965;0.4909;0.0487;0.5111;348.5;348.5;356.5;340.5;0.9985;0.9887;0.9918;8.865;9.067;9.182;9.136;0.0967;0.097;0.1123;0.1339
T2-N12E11;97.9;152.865;;;5.064;5.121;5.156;347.3;347.7;0.0028;0.0036;0.0212;0.0248;0.0252;0.0384;0.0466;239.6;235.6;4.761;4.756;0.1722;0.173;0.1744;0.3005;0.4103;0.3912;0.3846;0.3905;0.389;0.0311;0.4854;304.95;304.95;312.1;297.8;1.009;0.994;0.9991;6.756;6.876;6.97;6.92;0.0817;0.0815;0.0959;0.1192
T2-L13B1;136;;;;12.14;12.06;12.15;75.85;75.58;0.003;0.0021;0.0504;0.049;0.0489;0.4683;0.4703;271.1;268.4;9.199;9.304;0.3378;0.3488;0.3447;0.4755;1.024;1.034;0.9958;0.9997;1.02;0.075;0.538;563.25;563.25;561.8;564.7;1.006;0.9523;1.006;8.608;8.829;9.017;8.93;0.0892;0.0848;0.1001;0.1449
T2-N13E21;102.4;167.5639;;;5.853;5.899;5.942;360.6;350.6;0.003;0.0024;0.0216;0.0234;0.0226;0.0521;0.0647;279.4;279.6;5.006;5.178;0.1541;0.1592;0.1564;0.3036;0.2327;0.2174;0.2098;0.2218;0.2121;0.0204;0.5421;331.4;331.4;331.2;331.6;0.9923;0.9409;0.9936;11.06;11.31;11.66;11.52;0.0869;0.0849;0.0989;0.1365
T2-N13E22;111;167.5639;;;5.626;5.677;5.727;361;350.1;0.0024;0.0032;0.0231;0.0235;0.0234;0.0529;0.0657;288;284.3;5.881;6.107;0.1719;0.1792;0.1754;0.3256;0.2339;0.2162;0.2088;0.219;0.2116;0.0405;0.5385;337.5;337.5;337.4;337.6;0.9744;0.928;0.9795;9.962;10.22;10.47;10.36;0.0553;0.0528;0.0678;0.1102
T2-N13E12;104.6;164.0358;;;5.646;5.709;5.723;376.3;366;0.0034;0.0027;0.0264;0.0246;0.0237;0.0581;0.0702;271.4;271;6.936;7.231;0.2036;0.211;0.2074;0.3474;0.2838;0.2733;0.2598;0.2746;0.2671;0.029;0.5001;332.9;332.9;333.3;332.5;0.9713;0.9268;0.9828;10.06;10.32;10.61;10.46;0.0643;0.0618;0.0764;0.1143
T2-N13E11;107.7;164.0358;;;5.158;5.209;5.245;362.5;351.7;0.0026;0.0047;0.0235;0.0239;0.0241;0.0558;0.0675;258;257.9;5.297;5.476;0.1676;0.1736;0.1708;0.306;0.2718;0.2595;0.2501;0.2578;0.254;0.0236;0.4752;315.5;315.5;316.1;314.9;0.9733;0.9298;0.9789;8.294;8.485;8.678;8.555;0.0788;0.0774;0.0895;0.1311
